model,turn,u,r,rho,p,q,n,sig,scope
Qwen,1,U1,SEN,0.3574841214358513,0.0020504610176360414,0.03417435029393402,72,True,per_turn
Qwen,1,U1,AUR,0.3715030997869794,0.0013137474368386448,0.03284368592096612,72,True,per_turn
Qwen,1,U1,TD,-0.11445119916421984,0.33841355968988085,0.6226697234433024,72,False,per_turn
Qwen,1,U1,FIX,0.1475807304502794,0.21603703629901147,0.5484863642305005,72,False,per_turn
Qwen,1,U1,RT,0.07476095248911038,0.5325358188336365,0.7428537454233558,72,False,per_turn
Qwen,1,U1,TN,0.142650430257704,0.23194274209912916,0.5484863642305005,72,False,per_turn
Qwen,1,U1,QOC,-0.12649997596758336,0.2896622776614363,0.5832573781138554,72,False,per_turn
Qwen,1,U1,LM,0.2392333592783984,0.04297765312023158,0.3503766780734407,72,False,per_turn
Qwen,1,U1,ME,0.19019711986058482,0.10953734817332861,0.4212974929743408,72,False,per_turn
Qwen,1,U1,EMP,0.20444025850055875,0.08495761976101263,0.4212974929743408,72,False,per_turn
Qwen,1,U2,SEN,0.06943553093975861,0.5622054987384095,0.7428537454233558,72,False,per_turn
Qwen,1,U2,AUR,0.14037411865287047,0.23955425595059576,0.5484863642305005,72,False,per_turn
Qwen,1,U2,TD,0.051267083364267864,0.6688814515112393,0.7864067771652511,72,False,per_turn
Qwen,1,U2,FIX,0.11595985818244518,0.33204212061132143,0.6226697234433024,72,False,per_turn
Qwen,1,U2,RT,0.09841559248616309,0.41081052487924163,0.6785636838583162,72,False,per_turn
Qwen,1,U2,TN,-0.1297606653264465,0.2773079919187252,0.5832573781138554,72,False,per_turn
Qwen,1,U2,QOC,-0.2393392754621941,0.04288275481444337,0.3503766780734407,72,False,per_turn
Qwen,1,U2,LM,0.1520020175297113,0.20244093887832215,0.5484863642305005,72,False,per_turn
Qwen,1,U2,ME,0.1645719328805419,0.16714403521076443,0.4916001035610718,72,False,per_turn
Qwen,1,U2,EMP,-0.06901719728099918,0.5645688465217504,0.7428537454233558,72,False,per_turn
Qwen,1,U3,SEN,0.8196885999705369,1.3243461222176802e-18,6.621730611088401e-17,72,True,per_turn
Qwen,1,U3,AUR,0.19206260838798625,0.10603607141115545,0.4212974929743408,72,False,per_turn
Qwen,1,U3,TD,0.028327361610713156,0.8132726214313049,0.8471589806576092,72,False,per_turn
Qwen,1,U3,FIX,0.17898490189307303,0.13249543595814722,0.4416514531938241,72,False,per_turn
Qwen,1,U3,RT,0.21205726605761158,0.07373214241579021,0.4212974929743408,72,False,per_turn
Qwen,1,U3,TN,0.13984909606208293,0.24133400026142018,0.5484863642305005,72,False,per_turn
Qwen,1,U3,QOC,0.05154611680733207,0.6671850784098657,0.7864067771652511,72,False,per_turn
Qwen,1,U3,LM,0.04462377427387626,0.709741016195208,0.7864067771652511,72,False,per_turn
Qwen,1,U3,ME,-0.047662298352413084,0.6909427424303356,0.7864067771652511,72,False,per_turn
Qwen,1,U3,EMP,0.20521649821465607,0.08375518515224702,0.4212974929743408,72,False,per_turn
Qwen,1,U4,SEN,-0.01587301587301587,0.89471688075643,0.9129764089351327,72,False,per_turn
Qwen,1,U4,AUR,-0.10599813844239156,0.3755189717045627,0.6474465029389013,72,False,per_turn
Qwen,1,U4,TD,0.172990912276245,0.1461772496875121,0.45680390527347536,72,False,per_turn
Qwen,1,U4,FIX,0.09358165417914618,0.4342807576693224,0.6785636838583162,72,False,per_turn
Qwen,1,U4,RT,0.18247918455114573,0.12498017566952373,0.4416514531938241,72,False,per_turn
Qwen,1,U4,TN,-0.08340207760512275,0.486103604466248,0.7148582418621294,72,False,per_turn
Qwen,1,U4,QOC,-0.23980635195487218,0.042466330577840924,0.3503766780734407,72,False,per_turn
Qwen,1,U4,LM,-0.12598950787317795,0.2916286890569277,0.5832573781138554,72,False,per_turn
Qwen,1,U4,ME,-0.04485613040162566,0.7082972198146749,0.7864067771652511,72,False,per_turn
Qwen,1,U4,EMP,-0.034857829399746854,0.7712882060158617,0.8205193681019806,72,False,per_turn
Qwen,1,U5,SEN,0.23282324390471637,0.04905273493028169,0.3503766780734407,72,False,per_turn
Qwen,1,U5,AUR,0.19400483218933223,0.10248368283574542,0.4212974929743408,72,False,per_turn
Qwen,1,U5,TD,0.08595611847288956,0.4728021285012315,0.7148582418621294,72,False,per_turn
Qwen,1,U5,FIX,0.042418481926193574,0.723494234992031,0.7864067771652511,72,False,per_turn
Qwen,1,U5,RT,0.0043292080420619695,0.9712091625229557,0.9712091625229557,72,False,per_turn
Qwen,1,U5,TN,-0.0946242311137431,0.4291556283021918,0.6785636838583162,72,False,per_turn
Qwen,1,U5,QOC,-0.04467399772787662,0.7094288550171155,0.7864067771652511,72,False,per_turn
Qwen,1,U5,LM,0.11205383122943802,0.34869504512824934,0.6226697234433024,72,False,per_turn
Qwen,1,U5,ME,0.0731048485238362,0.5416788459465722,0.7428537454233558,72,False,per_turn
Qwen,1,U5,EMP,0.04586962897903306,0.7020116672851863,0.7864067771652511,72,False,per_turn
Qwen,2,U1,SEN,0.4594720880380312,4.907282785010684e-05,0.001226820696252671,72,True,per_turn
Qwen,2,U1,AUR,0.35040925618234947,0.0025480015083206168,0.02548001508320617,72,True,per_turn
Qwen,2,U1,TD,0.019030634988024465,0.8739300688676293,0.9931023509859422,72,False,per_turn
Qwen,2,U1,FIX,0.25776089301153055,0.02881722751064133,0.16009570839245182,72,False,per_turn
Qwen,2,U1,RT,0.20149858519704375,0.08963883213896975,0.30613628269221244,72,False,per_turn
Qwen,2,U1,TN,0.2672653209600801,0.023232597138316415,0.16009570839245182,72,False,per_turn
Qwen,2,U1,QOC,-0.05625866801880141,0.6387923316961126,0.895478562047997,72,False,per_turn
Qwen,2,U1,LM,0.23668231560156439,0.04531630816260512,0.20598321892093238,72,False,per_turn
Qwen,2,U1,ME,,,1.0,72,False,per_turn
Qwen,2,U1,EMP,0.404651810273479,0.00042258202292507277,0.00528227528656341,72,True,per_turn
Qwen,2,U2,SEN,0.019780962769037028,0.8690025678029849,0.9931023509859422,72,False,per_turn
Qwen,2,U2,AUR,0.19719999040843292,0.09684200707237592,0.30613628269221244,72,False,per_turn
Qwen,2,U2,TD,-0.04391348662977082,0.7141608535017363,0.895478562047997,72,False,per_turn
Qwen,2,U2,FIX,0.06673765669646134,0.5775284474552571,0.895478562047997,72,False,per_turn
Qwen,2,U2,RT,0.043556972792469145,0.7163828496383976,0.895478562047997,72,False,per_turn
Qwen,2,U2,TN,0.0946845603757615,0.4288601167492295,0.7658216370521956,72,False,per_turn
Qwen,2,U2,QOC,-0.16838034882961495,0.15740107128732408,0.3935026782183102,72,False,per_turn
Qwen,2,U2,LM,0.2587329784027145,0.028198492106941912,0.16009570839245182,72,False,per_turn
Qwen,2,U2,ME,,,1.0,72,False,per_turn
Qwen,2,U2,EMP,0.06135666907232379,0.6086512497262033,0.895478562047997,72,False,per_turn
Qwen,2,U3,SEN,0.7790174143548603,7.785846564846487e-16,3.8929232824232435e-14,72,True,per_turn
Qwen,2,U3,AUR,0.1635251598425915,0.16989804106344683,0.4045191453891591,72,False,per_turn
Qwen,2,U3,TD,-0.1424926116857528,0.23246497036603642,0.5062547918111123,72,False,per_turn
Qwen,2,U3,FIX,0.12837454659345465,0.2825161974185998,0.5885754112887496,72,False,per_turn
Qwen,2,U3,RT,0.084050000483748,0.48271058673303713,0.8322596322983399,72,False,per_turn
Qwen,2,U3,TN,0.19655340688535966,0.09796361046150798,0.30613628269221244,72,False,per_turn
Qwen,2,U3,QOC,0.03744346145514119,0.7548373912134598,0.9205334039188534,72,False,per_turn
Qwen,2,U3,LM,0.24549512651549144,0.03765761613774441,0.18828808068872205,72,False,per_turn
Qwen,2,U3,ME,,,1.0,72,False,per_turn
Qwen,2,U3,EMP,0.3262315762317393,0.00516318523338216,0.043026543611517996,72,True,per_turn
Qwen,2,U4,SEN,-0.07959171834405435,0.5063102743022203,0.8438504571703672,72,False,per_turn
Qwen,2,U4,AUR,-0.046295407762119566,0.6993769653958775,0.895478562047997,72,False,per_turn
Qwen,2,U4,TD,0.4127185285777627,0.000314855611820345,0.0052475935303390835,72,True,per_turn
Qwen,2,U4,FIX,0.18413426236692243,0.12153607657988459,0.33760021272190166,72,False,per_turn
Qwen,2,U4,RT,0.18484420257608306,0.12008119221498806,0.33760021272190166,72,False,per_turn
Qwen,2,U4,TN,0.02696690494862323,0.8220898014212846,0.9786783350253389,72,False,per_turn
Qwen,2,U4,QOC,0.22946162366957348,0.0525102917248446,0.21879288218685253,72,False,per_turn
Qwen,2,U4,LM,0.0,1.0,1.0,72,False,per_turn
Qwen,2,U4,ME,,,1.0,72,False,per_turn
Qwen,2,U4,EMP,0.045738718396248365,0.7028224432274353,0.895478562047997,72,False,per_turn
Qwen,2,U5,SEN,0.05268847251474205,0.6602575881725098,0.895478562047997,72,False,per_turn
Qwen,2,U5,AUR,0.09896583932250495,0.40818647744836545,0.7658216370521956,72,False,per_turn
Qwen,2,U5,TD,-0.1070382087472359,0.37082537482149325,0.7416507496429865,72,False,per_turn
Qwen,2,U5,FIX,0.14236820742562317,0.23287720423311167,0.5062547918111123,72,False,per_turn
Qwen,2,U5,RT,0.07160846129613345,0.5500054889288344,0.8871056273045715,72,False,per_turn
Qwen,2,U5,TN,0.09674740117808651,0.4188255484312656,0.7658216370521956,72,False,per_turn
Qwen,2,U5,QOC,-0.20269481956385538,0.08771127919143606,0.30613628269221244,72,False,per_turn
Qwen,2,U5,LM,0.16971345944924127,0.15409209567842103,0.3935026782183102,72,False,per_turn
Qwen,2,U5,ME,,,1.0,72,False,per_turn
Qwen,2,U5,EMP,0.05738646662820898,0.6320716286678792,0.895478562047997,72,False,per_turn
Qwen,3,U1,SEN,0.3672398873558466,0.0015073651626950737,0.016846818546806103,72,True,per_turn
Qwen,3,U1,AUR,0.157806997121637,0.18553152616919844,0.4467903669470759,72,False,per_turn
Qwen,3,U1,TD,-0.15426186499025407,0.1957321729262939,0.4467903669470759,72,False,per_turn
Qwen,3,U1,FIX,0.3148263030176495,0.00707064049288328,0.0441915030805205,72,True,per_turn
Qwen,3,U1,RT,0.28214393736754856,0.016342535521218025,0.09079186400676681,72,False,per_turn
Qwen,3,U1,TN,0.16101248113426117,0.17664432144736736,0.4467903669470759,72,False,per_turn
Qwen,3,U1,QOC,-0.22268518120790848,0.06008636589630534,0.25035985790127224,72,False,per_turn
Qwen,3,U1,LM,0.36636898006795304,0.0015499469900104004,0.016846818546806103,72,True,per_turn
Qwen,3,U1,ME,,,1.0,72,False,per_turn
Qwen,3,U1,EMP,0.3637485835423954,0.0016846818546806103,0.016846818546806103,72,True,per_turn
Qwen,3,U2,SEN,-0.11844180521096476,0.32172644676099366,0.574511512073203,72,False,per_turn
Qwen,3,U2,AUR,0.021936856322385713,0.8548728386847333,1.0,72,False,per_turn
Qwen,3,U2,TD,0.13843216899459013,0.24618254199143433,0.49236508398286866,72,False,per_turn
Qwen,3,U2,FIX,0.05224864381647538,0.6629214721510586,0.8958398272311602,72,False,per_turn
Qwen,3,U2,RT,0.07722035994394898,0.5191004593868662,0.7865158475558579,72,False,per_turn
Qwen,3,U2,TN,0.037805058931658864,0.752545225701367,0.9184410399139894,72,False,per_turn
Qwen,3,U2,QOC,0.005035736519688241,0.966512997126915,1.0,72,False,per_turn
Qwen,3,U2,LM,0.17181927311602435,0.14897095720826242,0.4467903669470759,72,False,per_turn
Qwen,3,U2,ME,,,1.0,72,False,per_turn
Qwen,3,U2,EMP,-0.037714093904416504,0.7531216527294713,0.9184410399139894,72,False,per_turn
Qwen,3,U3,SEN,0.8324444441914699,1.2778757229584251e-19,6.389378614792126e-18,72,True,per_turn
Qwen,3,U3,AUR,0.15174886671770108,0.20320254919761557,0.4467903669470759,72,False,per_turn
Qwen,3,U3,TD,0.0203146038144511,0.8655010921313108,1.0,72,False,per_turn
Qwen,3,U3,FIX,0.23122493936502392,0.05067259632217291,0.23861191873315055,72,False,per_turn
Qwen,3,U3,RT,0.22947644401781617,0.05249462212129312,0.23861191873315055,72,False,per_turn
Qwen,3,U3,TN,0.3479207223697037,0.002747149277957048,0.02015386324953145,72,True,per_turn
Qwen,3,U3,QOC,-0.041674580885649855,0.7281535765773997,0.9184410399139894,72,False,per_turn
Qwen,3,U3,LM,0.1694826024445309,0.1546613825411128,0.4467903669470759,72,False,per_turn
Qwen,3,U3,ME,,,1.0,72,False,per_turn
Qwen,3,U3,EMP,0.34703236611943383,0.0028215408549344028,0.02015386324953145,72,True,per_turn
Qwen,3,U4,SEN,0.12507270025494255,0.29518238169739835,0.5466340401803673,72,False,per_turn
Qwen,3,U4,AUR,-0.16840826742715195,0.15733123746740246,0.4467903669470759,72,False,per_turn
Qwen,3,U4,TD,0.3922794490789617,0.000654303971720434,0.01635759929301085,72,True,per_turn
Qwen,3,U4,FIX,-0.1705513948508339,0.15203885901297026,0.4467903669470759,72,False,per_turn
Qwen,3,U4,RT,-0.12983124890270475,0.2770445046818302,0.5327778936189043,72,False,per_turn
Qwen,3,U4,TN,-0.0721712896397677,0.5468664053760868,0.804215302023657,72,False,per_turn
Qwen,3,U4,QOC,0.1503116192704361,0.20756525051964458,0.4467903669470759,72,False,per_turn
Qwen,3,U4,LM,0.016645031910603177,0.8896275616076599,1.0,72,False,per_turn
Qwen,3,U4,ME,,,1.0,72,False,per_turn
Qwen,3,U4,EMP,-0.06127076409561444,0.6091539867427898,0.8460472038094302,72,False,per_turn
Qwen,3,U5,SEN,0.10005240528178665,0.4030335867178432,0.6500541721255535,72,False,per_turn
Qwen,3,U5,AUR,0.16654556416409952,0.1620410289060164,0.4467903669470759,72,False,per_turn
Qwen,3,U5,TD,0.17426379028181194,0.14318680102420245,0.4467903669470759,72,False,per_turn
Qwen,3,U5,FIX,-0.06354348887511857,0.5959148558978417,0.8460472038094302,72,False,per_turn
Qwen,3,U5,RT,-0.09232663812732324,0.4404958388030201,0.6882747481297189,72,False,per_turn
Qwen,3,U5,TN,0.046121890480486545,0.7004502579283209,0.9184410399139894,72,False,per_turn
Qwen,3,U5,QOC,-0.1052660739370016,0.378844034805067,0.6314067246751116,72,False,per_turn
Qwen,3,U5,LM,0.14808348383762904,0.21445937613459645,0.4467903669470759,72,False,per_turn
Qwen,3,U5,ME,,,1.0,72,False,per_turn
Qwen,3,U5,EMP,-0.11220854711925216,0.34802572034767754,0.6000443454270303,72,False,per_turn
Qwen,4,U1,SEN,0.4408867941805522,0.00010613116264101511,0.0026532790660253776,72,True,per_turn
Qwen,4,U1,AUR,0.14426245020716047,0.2266551439643562,0.5485893716762533,72,False,per_turn
Qwen,4,U1,TD,-0.13892637259974555,0.24448391212136478,0.5485893716762533,72,False,per_turn
Qwen,4,U1,FIX,0.21259420405620283,0.07298791381969497,0.4180682740916511,72,False,per_turn
Qwen,4,U1,RT,0.1143100145182762,0.33901372116515716,0.6519494637791484,72,False,per_turn
Qwen,4,U1,TN,0.1366568669906792,0.25235111097107654,0.5485893716762533,72,False,per_turn
Qwen,4,U1,QOC,-0.11835133503167523,0.32209883233900716,0.6519494637791484,72,False,per_turn
Qwen,4,U1,LM,0.2218805799220019,0.061042009664759395,0.4180682740916511,72,False,per_turn
Qwen,4,U1,ME,,,1.0,72,False,per_turn
Qwen,4,U1,EMP,0.31552615118120864,0.006937876420858943,0.08672345526073678,72,False,per_turn
Qwen,4,U2,SEN,-0.06972707293540747,0.5605612216287008,0.8243547376892659,72,False,per_turn
Qwen,4,U2,AUR,0.015292724376938788,0.8985451094679988,1.0,72,False,per_turn
Qwen,4,U2,TD,0.07643618248365178,0.5233656271007764,0.7929782228799642,72,False,per_turn
Qwen,4,U2,FIX,-0.1424424489966181,0.23263113164470556,0.5485893716762533,72,False,per_turn
Qwen,4,U2,RT,-0.08790470049422948,0.46278725529187703,0.7490948176500373,72,False,per_turn
Qwen,4,U2,TN,-0.1413333813375509,0.23632593647090314,0.5485893716762533,72,False,per_turn
Qwen,4,U2,QOC,-0.04328537238250893,0.7180771965401697,0.9512724720495553,72,False,per_turn
Qwen,4,U2,LM,0.1572402091295107,0.1871360173194966,0.5485893716762533,72,False,per_turn
Qwen,4,U2,ME,,,1.0,72,False,per_turn
Qwen,4,U2,EMP,0.1598222115167897,0.17990738489837482,0.5485893716762533,72,False,per_turn
Qwen,4,U3,SEN,0.6457765999379483,9.065138375899302e-10,4.532569187949651e-08,72,True,per_turn
Qwen,4,U3,AUR,0.1544039060822218,0.19531588916643372,0.5485893716762533,72,False,per_turn
Qwen,4,U3,TD,0.1453682211608473,0.22307710101514414,0.5485893716762533,72,False,per_turn
Qwen,4,U3,FIX,0.30389487055903447,0.00945377488410869,0.09453774884108691,72,False,per_turn
Qwen,4,U3,RT,0.21097385783530265,0.07525228933649719,0.4180682740916511,72,False,per_turn
Qwen,4,U3,TN,0.16367308674135012,0.1695068466372122,0.5485893716762533,72,False,per_turn
Qwen,4,U3,QOC,-0.15995735039241835,0.17953471866143222,0.5485893716762533,72,False,per_turn
Qwen,4,U3,LM,0.044810871831797196,0.7085783637501655,0.9512724720495553,72,False,per_turn
Qwen,4,U3,ME,,,1.0,72,False,per_turn
Qwen,4,U3,EMP,0.32635720099004223,0.005144998413578048,0.08574997355963414,72,False,per_turn
Qwen,4,U4,SEN,-0.09090909090909091,0.44757542645397064,0.7490948176500373,72,False,per_turn
Qwen,4,U4,AUR,-0.08468054857160838,0.47942068329602383,0.7490948176500373,72,False,per_turn
Qwen,4,U4,TD,0.11596372397681609,0.3320258924575411,0.6519494637791484,72,False,per_turn
Qwen,4,U4,FIX,-0.16883116883116883,0.15627622634993957,0.5485893716762533,72,False,per_turn
Qwen,4,U4,RT,-0.08690845724147325,0.46789299562371334,0.7490948176500373,72,False,per_turn
Qwen,4,U4,TN,0.036899074298989254,0.7582922417770649,0.9721695407398269,72,False,per_turn
Qwen,4,U4,QOC,0.023200331457769823,0.8466128391087557,1.0,72,False,per_turn
Qwen,4,U4,LM,-0.0907416471904646,0.4484158403786822,0.7490948176500373,72,False,per_turn
Qwen,4,U4,ME,,,1.0,72,False,per_turn
Qwen,4,U4,EMP,-0.19674775073518588,0.09762542764627005,0.48812713823135023,72,False,per_turn
Qwen,4,U5,SEN,0.107723059648864,0.3677543468543828,0.681026568248857,72,False,per_turn
Qwen,4,U5,AUR,0.010434123151195948,0.9306800206638512,1.0,72,False,per_turn
Qwen,4,U5,TD,0.02024998143168644,0.8659249746244109,1.0,72,False,per_turn
Qwen,4,U5,FIX,0.007430993840748446,0.9506015575208735,1.0,72,False,per_turn
Qwen,4,U5,RT,-0.03302874078764767,0.7829871483857619,0.9787339354822023,72,False,per_turn
Qwen,4,U5,TN,-0.042502746882275316,0.7229670787576621,0.9512724720495553,72,False,per_turn
Qwen,4,U5,QOC,0.06207514404350902,0.6044536570218548,0.8635052243169354,72,False,per_turn
Qwen,4,U5,LM,0.17284732003625203,0.14651751266592772,0.5485893716762533,72,False,per_turn
Qwen,4,U5,ME,,,1.0,72,False,per_turn
Qwen,4,U5,EMP,0.2279835653791735,0.054092372145994605,0.4180682740916511,72,False,per_turn
Qwen,5,U1,SEN,0.41337556605430564,0.00030729819560273617,0.007682454890068404,72,True,per_turn
Qwen,5,U1,AUR,0.05551505846840714,0.6432395764093859,0.9672698716070366,72,False,per_turn
Qwen,5,U1,TD,-0.19838230205405089,0.09481710627846882,0.492094181674298,72,False,per_turn
Qwen,5,U1,FIX,0.18171081408264678,0.12660418297713094,0.4976949017122995,72,False,per_turn
Qwen,5,U1,RT,0.1804051124880535,0.12940067444519787,0.4976949017122995,72,False,per_turn
Qwen,5,U1,TN,0.07182540379755631,0.5487944993554309,0.9347192134653635,72,False,per_turn
Qwen,5,U1,QOC,-0.06638842841565039,0.5795259123485254,0.9347192134653635,72,False,per_turn
Qwen,5,U1,LM,0.04047632385914778,0.7356793708931151,0.9788397777960827,72,False,per_turn
Qwen,5,U1,ME,,,1.0,72,False,per_turn
Qwen,5,U1,EMP,0.19087188763697113,0.10826071996834558,0.492094181674298,72,False,per_turn
Qwen,5,U2,SEN,0.2562197370759251,0.029821598022187337,0.3727699752773417,72,False,per_turn
Qwen,5,U2,AUR,-0.007850266891583253,0.9478181758562942,1.0,72,False,per_turn
Qwen,5,U2,TD,0.09917106414169304,0.407210296788032,0.8852397756261565,72,False,per_turn
Qwen,5,U2,FIX,-0.19112664970501975,0.10778172949152698,0.492094181674298,72,False,per_turn
Qwen,5,U2,RT,-0.2608131270603684,0.02691202407082353,0.3727699752773417,72,False,per_turn
Qwen,5,U2,TN,0.01918240783682443,0.8729329643393476,1.0,72,False,per_turn
Qwen,5,U2,QOC,-0.11209480750811211,0.34851769758586326,0.829804041871103,72,False,per_turn
Qwen,5,U2,LM,0.005546944650166641,0.9631157895414416,1.0,72,False,per_turn
Qwen,5,U2,ME,,,1.0,72,False,per_turn
Qwen,5,U2,EMP,0.12310787032164688,0.3028935731167595,0.7572339327918989,72,False,per_turn
Qwen,5,U3,SEN,0.6929023281557338,1.540472185210564e-11,7.70236092605282e-10,72,True,per_turn
Qwen,5,U3,AUR,0.049810768287215146,0.6777617570411469,0.9672698716070366,72,False,per_turn
Qwen,5,U3,TD,-0.14996592070840942,0.20862444717969866,0.6018597528551077,72,False,per_turn
Qwen,5,U3,FIX,0.07434858616107602,0.534805247764021,0.9347192134653635,72,False,per_turn
Qwen,5,U3,RT,0.047736821046409424,0.6904839756055926,0.9672698716070366,72,False,per_turn
Qwen,5,U3,TN,0.017146976911522952,0.8863209896151056,1.0,72,False,per_turn
Qwen,5,U3,QOC,-0.19484676170238424,0.10097285176283162,0.492094181674298,72,False,per_turn
Qwen,5,U3,LM,0.07001400420140048,0.558945177279059,0.9347192134653635,72,False,per_turn
Qwen,5,U3,ME,,,1.0,72,False,per_turn
Qwen,5,U3,EMP,0.1467939358514039,0.2185224077951147,0.6018597528551077,72,False,per_turn
Qwen,5,U4,SEN,-0.06286946134619315,0.5998278218585121,0.9372309716539252,72,False,per_turn
Qwen,5,U4,AUR,0.03916905127384168,0.7439182311250228,0.9788397777960827,72,False,per_turn
Qwen,5,U4,TD,-0.08844507482327232,0.46003060895614234,0.9347192134653635,72,False,per_turn
Qwen,5,U4,FIX,0.046771630852010505,0.6964343075570663,0.9672698716070366,72,False,per_turn
Qwen,5,U4,RT,0.1013531079700637,0.39691560473661036,0.8852397756261565,72,False,per_turn
Qwen,5,U4,TN,0.0731969410157382,0.5411684156794621,0.9347192134653635,72,False,per_turn
Qwen,5,U4,QOC,0.2163093661804922,0.06800181487833257,0.492094181674298,72,False,per_turn
Qwen,5,U4,LM,-0.025561718588569857,0.8312200030720484,1.0,72,False,per_turn
Qwen,5,U4,ME,,,1.0,72,False,per_turn
Qwen,5,U4,EMP,-0.010306469073146418,0.9315260485705177,1.0,72,False,per_turn
Qwen,5,U5,SEN,0.21128365107994332,0.07481508013562249,0.492094181674298,72,False,per_turn
Qwen,5,U5,AUR,0.16982604572384974,0.1538150269712613,0.5269510261546801,72,False,per_turn
Qwen,5,U5,TD,0.06741265112475497,0.573676728728441,0.9347192134653635,72,False,per_turn
Qwen,5,U5,FIX,-0.07613605794626212,0.525002657053511,0.9347192134653635,72,False,per_turn
Qwen,5,U5,RT,-0.1586118013181469,0.183270382126531,0.5727199441454094,72,False,per_turn
Qwen,5,U5,TN,0.16810728503899022,0.15808530784640404,0.5269510261546801,72,False,per_turn
Qwen,5,U5,QOC,-0.008873838792517536,0.9410257857512846,1.0,72,False,per_turn
Qwen,5,U5,LM,0.2122833766487874,0.07341800289429379,0.492094181674298,72,False,per_turn
Qwen,5,U5,ME,,,1.0,72,False,per_turn
Qwen,5,U5,EMP,0.14363391648723603,0.22870670608494095,0.6018597528551077,72,False,per_turn
Qwen,6,U1,SEN,0.22252090693279897,0.060280485866563614,0.23184802256370624,72,False,per_turn
Qwen,6,U1,AUR,0.17910069780213922,0.1322410259068137,0.3640528838441541,72,False,per_turn
Qwen,6,U1,TD,-0.18654703674709236,0.11664596875791722,0.3640528838441541,72,False,per_turn
Qwen,6,U1,FIX,0.17636985334839955,0.13834009586077856,0.3640528838441541,72,False,per_turn
Qwen,6,U1,RT,0.17721573070011903,0.13642866724162664,0.3640528838441541,72,False,per_turn
Qwen,6,U1,TN,0.03374037805188218,0.7784296149649129,0.878601575544713,72,False,per_turn
Qwen,6,U1,QOC,-0.16276708795087746,0.17191316607612953,0.40890095825947204,72,False,per_turn
Qwen,6,U1,LM,0.22784898159263656,0.0542383403007287,0.22777742249974062,72,False,per_turn
Qwen,6,U1,ME,0.0443209629449477,0.7116241322701063,0.878601575544713,72,False,per_turn
Qwen,6,U1,EMP,0.24833495087474736,0.03543219214090609,0.22145120088066303,72,False,per_turn
Qwen,6,U2,SEN,0.0013217318610794497,0.9912083003482597,0.9912083003482597,72,False,per_turn
Qwen,6,U2,AUR,0.027365032786591425,0.8195071889025928,0.878601575544713,72,False,per_turn
Qwen,6,U2,TD,-0.027671152297951824,0.8175227247719891,0.878601575544713,72,False,per_turn
Qwen,6,U2,FIX,-0.15981893708028524,0.1799164216341677,0.40890095825947204,72,False,per_turn
Qwen,6,U2,RT,-0.1409302532771545,0.2376789444759286,0.4570748932229396,72,False,per_turn
Qwen,6,U2,TN,0.026565266852791234,0.8246970971029247,0.878601575544713,72,False,per_turn
Qwen,6,U2,QOC,0.04659144498378246,0.6975471817513255,0.878601575544713,72,False,per_turn
Qwen,6,U2,LM,0.14970775619826193,0.20941794127880017,0.4188358825576003,72,False,per_turn
Qwen,6,U2,ME,-0.15295295001287634,0.19959821931081548,0.4188358825576003,72,False,per_turn
Qwen,6,U2,EMP,0.07601428015151336,0.5256676249000067,0.7647644591426987,72,False,per_turn
Qwen,6,U3,SEN,0.6363636363636364,1.882876219384528e-09,9.414381096922641e-08,72,True,per_turn
Qwen,6,U3,AUR,0.266717186069728,0.02352761034007576,0.19606341950063133,72,False,per_turn
Qwen,6,U3,TD,-0.12096798778963709,0.3114395150552668,0.5561419911701193,72,False,per_turn
Qwen,6,U3,FIX,0.2274558387429609,0.05466658139993775,0.22777742249974062,72,False,per_turn
Qwen,6,U3,RT,0.16336503208767345,0.17032224664582185,0.40890095825947204,72,False,per_turn
Qwen,6,U3,TN,0.12276887544405413,0.3042371308850456,0.5561419911701193,72,False,per_turn
Qwen,6,U3,QOC,0.08665511342170876,0.4691962329338525,0.7109033832331099,72,False,per_turn
Qwen,6,U3,LM,0.18729169190336278,0.11516768229549494,0.3640528838441541,72,False,per_turn
Qwen,6,U3,ME,-0.03578281334822566,0.765391101286603,0.878601575544713,72,False,per_turn
Qwen,6,U3,EMP,0.3979275372789056,0.0005370477710027789,0.013426194275069473,72,True,per_turn
Qwen,6,U4,SEN,0.2548235957188128,0.03075672391187611,0.21969088508482934,72,False,per_turn
Qwen,6,U4,AUR,-0.10704618602100947,0.3707895134925634,0.6179825224876058,72,False,per_turn
Qwen,6,U4,TD,-0.06781609475393449,0.5713802618053089,0.7935836969518179,72,False,per_turn
Qwen,6,U4,FIX,0.026382300482189674,0.8258854810120302,0.878601575544713,72,False,per_turn
Qwen,6,U4,RT,0.03259783115217065,0.7857503767056422,0.878601575544713,72,False,per_turn
Qwen,6,U4,TN,-0.017572517571732678,0.8835192462071499,0.9015502512317857,72,False,per_turn
Qwen,6,U4,QOC,-0.08968594836367576,0.4537346221926204,0.7109033832331099,72,False,per_turn
Qwen,6,U4,LM,-0.1517488667177011,0.20320254919761555,0.4188358825576003,72,False,per_turn
Qwen,6,U4,ME,-0.020060271357125986,0.8671695718576893,0.9015502512317857,72,False,per_turn
Qwen,6,U4,EMP,0.048348769072136144,0.6867210012958385,0.878601575544713,72,False,per_turn
Qwen,6,U5,SEN,0.07425243006655785,0.5353351213998891,0.7647644591426987,72,False,per_turn
Qwen,6,U5,AUR,0.2754736917361231,0.019176900314346546,0.19176900314346546,72,False,per_turn
Qwen,6,U5,TD,0.05452508074414686,0.6491796927572977,0.8772698550774294,72,False,per_turn
Qwen,6,U5,FIX,-0.2883198424137963,0.014047060190960971,0.19176900314346546,72,False,per_turn
Qwen,6,U5,RT,-0.22873289434937807,0.053285511276714555,0.22777742249974062,72,False,per_turn
Qwen,6,U5,TN,-0.08712802051996311,0.4667651193220078,0.7109033832331099,72,False,per_turn
Qwen,6,U5,QOC,0.20386449266229523,0.0858583015627988,0.30663679129571003,72,False,per_turn
Qwen,6,U5,LM,0.28354642960819265,0.015794744748616706,0.19176900314346546,72,False,per_turn
Qwen,6,U5,ME,-0.11365888062263002,0.3417902641082601,0.5892935588073449,72,False,per_turn
Qwen,6,U5,EMP,0.22821285924422435,0.05384442126386465,0.22777742249974062,72,False,per_turn
Qwen,7,U1,SEN,0.3724892056334327,0.0012722910283108331,0.03180727570777083,72,True,per_turn
Qwen,7,U1,AUR,0.2341645213283069,0.04772640208498919,0.23863201042494597,72,False,per_turn
Qwen,7,U1,TD,-0.12133753471821065,0.3099526693141103,0.5534869094894826,72,False,per_turn
Qwen,7,U1,FIX,0.1668959086804363,0.16114733613685436,0.4156896049098087,72,False,per_turn
Qwen,7,U1,RT,0.16490455144596056,0.16627584196392348,0.4156896049098087,72,False,per_turn
Qwen,7,U1,TN,-0.022803016768759843,0.8492085605911129,1.0,72,False,per_turn
Qwen,7,U1,QOC,-0.002555815062842283,0.9830005309438672,1.0,72,False,per_turn
Qwen,7,U1,LM,0.25103673803565885,0.03341792370298176,0.185655131683232,72,False,per_turn
Qwen,7,U1,ME,,,1.0,72,False,per_turn
Qwen,7,U1,EMP,0.21916772414625005,0.06435526398541172,0.2925239272064169,72,False,per_turn
Qwen,7,U2,SEN,0.03564367354832904,0.7662773269342522,0.9988182162163342,72,False,per_turn
Qwen,7,U2,AUR,0.18744208786485586,0.11487087435325231,0.35897148235391346,72,False,per_turn
Qwen,7,U2,TD,0.04675439608316044,0.6965407263126229,0.9988182162163342,72,False,per_turn
Qwen,7,U2,FIX,0.043824229728325635,0.7147169314257973,0.9988182162163342,72,False,per_turn
Qwen,7,U2,RT,0.02969586052655444,0.8044266207923584,0.9988182162163342,72,False,per_turn
Qwen,7,U2,TN,-0.03176841596727457,0.7910764532205806,0.9988182162163342,72,False,per_turn
Qwen,7,U2,QOC,-0.03990521291547313,0.739275103703839,0.9988182162163342,72,False,per_turn
Qwen,7,U2,LM,0.14973743336208814,0.2093266169594827,0.4665171506303896,72,False,per_turn
Qwen,7,U2,ME,,,1.0,72,False,per_turn
Qwen,7,U2,EMP,0.058776691424138786,0.6238278874126941,0.9988182162163342,72,False,per_turn
Qwen,7,U3,SEN,0.44298119496145877,9.751029705863516e-05,0.004875514852931757,72,True,per_turn
Qwen,7,U3,AUR,0.3343476870381859,0.004098405620871953,0.04098405620871953,72,True,per_turn
Qwen,7,U3,TD,-0.14285714285714285,0.23125995491152954,0.47095577770635333,72,False,per_turn
Qwen,7,U3,FIX,0.3137023431452996,0.007288532556536836,0.06073777130447364,72,False,per_turn
Qwen,7,U3,RT,0.34631542301248935,0.0028828848351364045,0.036036060439205056,72,True,per_turn
Qwen,7,U3,TN,0.19545902561656325,0.09988509807202836,0.3476600129232898,72,False,per_turn
Qwen,7,U3,QOC,0.011412279800291008,0.9241998955022915,1.0,72,False,per_turn
Qwen,7,U3,LM,0.13078589921436348,0.2734972063245502,0.5064763080084264,72,False,per_turn
Qwen,7,U3,ME,,,1.0,72,False,per_turn
Qwen,7,U3,EMP,0.30090980720477517,0.010215618728764397,0.07296870520545998,72,False,per_turn
Qwen,7,U4,SEN,0.09477059826179812,0.4284388766781957,0.7140647944636596,72,False,per_turn
Qwen,7,U4,AUR,-0.03130524616671021,0.7940548661218902,0.9988182162163342,72,False,per_turn
Qwen,7,U4,TD,-0.1032520256955501,0.3880829724932924,0.6691085732642972,72,False,per_turn
Qwen,7,U4,FIX,0.3520745499787325,0.0024220504951450693,0.036036060439205056,72,True,per_turn
Qwen,7,U4,RT,0.17630134780742643,0.1384957770035114,0.40734052059856296,72,False,per_turn
Qwen,7,U4,TN,0.20402129264635843,0.08561227163227393,0.3438380274834677,72,False,per_turn
Qwen,7,U4,QOC,-0.13919153147366375,0.2435758590622233,0.47095577770635333,72,False,per_turn
Qwen,7,U4,LM,-0.13880597014925372,0.24489700440730375,0.47095577770635333,72,False,per_turn
Qwen,7,U4,ME,,,1.0,72,False,per_turn
Qwen,7,U4,EMP,0.04474014788959269,0.709017775066866,0.9988182162163342,72,False,per_turn
Qwen,7,U5,SEN,0.2016469994833616,0.0893978871457016,0.3438380274834677,72,False,per_turn
Qwen,7,U5,AUR,0.1697579667454208,0.15398252132011545,0.4156896049098087,72,False,per_turn
Qwen,7,U5,TD,0.027438482430479076,0.819030937297394,0.9988182162163342,72,False,per_turn
Qwen,7,U5,FIX,0.14803923959304008,0.21459788928997922,0.4665171506303896,72,False,per_turn
Qwen,7,U5,RT,0.15264472332715062,0.20051649031265778,0.4665171506303896,72,False,per_turn
Qwen,7,U5,TN,0.006241033676027714,0.9585043162045991,1.0,72,False,per_turn
Qwen,7,U5,QOC,0.038684483251701846,0.7469794949893078,0.9988182162163342,72,False,per_turn
Qwen,7,U5,LM,0.1930064507066601,0.10429800387698694,0.3476600129232898,72,False,per_turn
Qwen,7,U5,ME,,,1.0,72,False,per_turn
Qwen,7,U5,EMP,0.26030117290819027,0.0272239516008566,0.17014969750535375,72,False,per_turn
Qwen,8,U1,SEN,0.38138503569823695,0.0009483886244461188,0.011854857805576486,72,True,per_turn
Qwen,8,U1,AUR,0.3037959291394528,0.009478209041772975,0.05783660985553095,72,False,per_turn
Qwen,8,U1,TD,-0.12158595027498066,0.3089557691527933,0.4983157566980537,72,False,per_turn
Qwen,8,U1,FIX,0.11680623901142326,0.32850107864400235,0.5132829353812537,72,False,per_turn
Qwen,8,U1,RT,0.1062335207137657,0.3744536154665632,0.5320747955597865,72,False,per_turn
Qwen,8,U1,TN,0.06290946395307279,0.5995952753877248,0.681358267486051,72,False,per_turn
Qwen,8,U1,QOC,0.09316949906249124,0.4363163429687653,0.5320931011814212,72,False,per_turn
Qwen,8,U1,LM,0.14060420840328205,0.23877714854830054,0.45476746301428267,72,False,per_turn
Qwen,8,U1,ME,0.1876466562602004,0.11446810204681586,0.32318247688842255,72,False,per_turn
Qwen,8,U1,EMP,0.22637072876685196,0.055862898990029365,0.23276207912512237,72,False,per_turn
Qwen,8,U2,SEN,0.2597390049533653,0.027569984437053545,0.13784992218526773,72,False,per_turn
Qwen,8,U2,AUR,0.1891350767153648,0.11157022732247326,0.32318247688842255,72,False,per_turn
Qwen,8,U2,TD,0.10422081147284167,0.3836222657859977,0.5320747955597865,72,False,per_turn
Qwen,8,U2,FIX,-0.13845947339516892,0.2460884832013469,0.45476746301428267,72,False,per_turn
Qwen,8,U2,RT,-0.10879419766303323,0.3629823025916187,0.5320747955597865,72,False,per_turn
Qwen,8,U2,TN,0.15257027958013045,0.20073872520406738,0.45476746301428267,72,False,per_turn
Qwen,8,U2,QOC,-0.13599722263788105,0.2546697792879983,0.45476746301428267,72,False,per_turn
Qwen,8,U2,LM,0.13329594092081326,0.26431584310309764,0.4557169708674097,72,False,per_turn
Qwen,8,U2,ME,-0.14544931919848664,0.22281625017186774,0.45476746301428267,72,False,per_turn
Qwen,8,U2,EMP,0.09362002909062263,0.43409150210046576,0.5320931011814212,72,False,per_turn
Qwen,8,U3,SEN,0.8043996665398437,1.7326778948971517e-17,8.663389474485759e-16,72,True,per_turn
Qwen,8,U3,AUR,0.4555014195637345,5.8082612848059156e-05,0.0014520653212014788,72,True,per_turn
Qwen,8,U3,TD,-0.09730660903997998,0.4161287905938684,0.5320931011814212,72,False,per_turn
Qwen,8,U3,FIX,0.3338489304447943,0.0041577199464873,0.0346476662207275,72,True,per_turn
Qwen,8,U3,RT,0.30343304245450414,0.00956829828698287,0.05783660985553095,72,False,per_turn
Qwen,8,U3,TN,0.3663679937455052,0.0015499958230308821,0.015499958230308822,72,True,per_turn
Qwen,8,U3,QOC,-0.12862393885688161,0.2815743762338917,0.46929062705648616,72,False,per_turn
Qwen,8,U3,LM,0.24723044549578116,0.03628432766237411,0.16492876210170052,72,False,per_turn
Qwen,8,U3,ME,-0.028783683125170188,0.8103203016037877,0.8807829365258562,72,False,per_turn
Qwen,8,U3,EMP,0.4081522207389269,0.0003722621773868869,0.006204369623114782,72,True,per_turn
Qwen,8,U4,SEN,-0.050964719143762556,0.6707215316494678,0.7452461462771864,72,False,per_turn
Qwen,8,U4,AUR,-0.1001098297969686,0.4027623240939465,0.5320747955597865,72,False,per_turn
Qwen,8,U4,TD,-0.06781609475393449,0.5713802618053089,0.664395653261987,72,False,per_turn
Qwen,8,U4,FIX,-0.16682001455388842,0.1613406244937644,0.403351561234411,72,False,per_turn
Qwen,8,U4,RT,-0.1409814753700483,0.23750673289148533,0.45476746301428267,72,False,per_turn
Qwen,8,U4,TN,-0.004559528532648983,0.9696781493513076,0.9696781493513076,72,False,per_turn
Qwen,8,U4,QOC,-0.08964214570007951,0.45395605673973516,0.5404238770711133,72,False,per_turn
Qwen,8,U4,LM,-0.14436182367389858,0.22633196407898634,0.45476746301428267,72,False,per_turn
Qwen,8,U4,ME,-0.020060271357125986,0.8671695718576893,0.9033016373517597,72,False,per_turn
Qwen,8,U4,EMP,0.02169567189963831,0.8564513864238723,0.9033016373517597,72,False,per_turn
Qwen,8,U5,SEN,0.21928367381790523,0.06421074174947793,0.24696439134414586,72,False,per_turn
Qwen,8,U5,AUR,0.3001771218884959,0.01041058977399557,0.05783660985553095,72,False,per_turn
Qwen,8,U5,TD,0.09976837963300972,0.40437684462543777,0.5320747955597865,72,False,per_turn
Qwen,8,U5,FIX,-0.21346097296507713,0.07179922054429491,0.2564257876581961,72,False,per_turn
Qwen,8,U5,RT,-0.18366343888311418,0.1225083503638271,0.32318247688842255,72,False,per_turn
Qwen,8,U5,TN,0.18351826333976146,0.12280934121760056,0.32318247688842255,72,False,per_turn
Qwen,8,U5,QOC,-0.005064738937165636,0.9663202465570413,0.9696781493513076,72,False,per_turn
Qwen,8,U5,LM,0.15844213672332183,0.1837453948222601,0.43748903529109545,72,False,per_turn
Qwen,8,U5,ME,-0.1977339866175904,0.09592330148904835,0.3197443382968278,72,False,per_turn
Qwen,8,U5,EMP,0.1028829839169308,0.389790298465994,0.5320747955597865,72,False,per_turn
Qwen,9,U1,SEN,0.359225730601794,0.001942217363599078,0.0279741008306916,72,True,per_turn
Qwen,9,U1,AUR,0.35465420350489313,0.002237928066455328,0.0279741008306916,72,True,per_turn
Qwen,9,U1,TD,-0.09418155347660695,0.43132754103027926,0.6233448167868438,72,False,per_turn
Qwen,9,U1,FIX,0.3397454123797024,0.003502941521389162,0.029191179344909685,72,True,per_turn
Qwen,9,U1,RT,0.23941379704893556,0.04281608921328372,0.18515266291470994,72,False,per_turn
Qwen,9,U1,TN,0.13683974151297768,0.2517108589275491,0.5034217178550981,72,False,per_turn
Qwen,9,U1,QOC,-0.1600107924764942,0.17938749891387068,0.40769886116788795,72,False,per_turn
Qwen,9,U1,LM,0.29452462481399755,0.012026711057427477,0.08590507898162483,72,False,per_turn
Qwen,9,U1,ME,0.0406345818467861,0.7346839714846884,0.87462377557701,72,False,per_turn
Qwen,9,U1,EMP,0.4237602117570615,0.00020791984787177787,0.005197996196794447,72,True,per_turn
Qwen,9,U2,SEN,0.11658784107579762,0.3294124981763934,0.5802049181680949,72,False,per_turn
Qwen,9,U2,AUR,-0.026467890674528444,0.8253295158486815,0.9069535174813298,72,False,per_turn
Qwen,9,U2,TD,0.024307143884767783,0.8393905190546751,0.9069535174813298,72,False,per_turn
Qwen,9,U2,FIX,-0.14001059446246122,0.24078557887678462,0.5016366226599679,72,False,per_turn
Qwen,9,U2,RT,-0.013736350851034078,0.9088238018155337,0.9273712263423813,72,False,per_turn
Qwen,9,U2,TN,0.01929331948676583,0.8722044310702554,0.9085462823648492,72,False,per_turn
Qwen,9,U2,QOC,-0.22438621417857305,0.05810594822136904,0.20752124364774654,72,False,per_turn
Qwen,9,U2,LM,0.23575663931854687,0.046190450049814535,0.18515266291470994,72,False,per_turn
Qwen,9,U2,ME,0.03155023061014521,0.7924791249499449,0.900544460170392,72,False,per_turn
Qwen,9,U2,EMP,0.12466298292908091,0.2967796479807223,0.5704692390886509,72,False,per_turn
Qwen,9,U3,SEN,0.7491587023046327,3.7727459722873717e-14,1.886372986143686e-12,72,True,per_turn
Qwen,9,U3,AUR,0.3402498263649416,0.003451440969581827,0.029191179344909685,72,True,per_turn
Qwen,9,U3,TD,-0.16097833366255243,0.17673732963757754,0.40769886116788795,72,False,per_turn
Qwen,9,U3,FIX,0.12181125994051822,0.3080533891078715,0.5704692390886509,72,False,per_turn
Qwen,9,U3,RT,0.2573028267986362,0.029112728689512528,0.1536199140993051,72,False,per_turn
Qwen,9,U3,TN,0.21726755673500447,0.06676132257845183,0.22253774192817274,72,False,per_turn
Qwen,9,U3,QOC,-0.16720819322526276,0.1603538054576587,0.4008845136441468,72,False,per_turn
Qwen,9,U3,LM,0.19795890476286573,0.09553839330048366,0.2742994952480786,72,False,per_turn
Qwen,9,U3,ME,0.2337433235946865,0.04813969235782459,0.18515266291470994,72,False,per_turn
Qwen,9,U3,EMP,0.254871871478594,0.030723982819861016,0.1536199140993051,72,False,per_turn
Qwen,9,U4,SEN,-0.06286946134619315,0.5998278218585121,0.7314973437298928,72,False,per_turn
Qwen,9,U4,AUR,-0.10186016920831342,0.39454552440943935,0.5977962491052111,72,False,per_turn
Qwen,9,U4,TD,0.07062523003279392,0.5555100514184805,0.7121923736134366,72,False,per_turn
Qwen,9,U4,FIX,0.08761584768800126,0.4642644868141065,0.6448117872418145,72,False,per_turn
Qwen,9,U4,RT,-0.10925715169564189,0.36093158075988285,0.5850151219026131,72,False,per_turn
Qwen,9,U4,TN,0.1714196831777881,0.1499328186803723,0.3945600491588745,72,False,per_turn
Qwen,9,U4,QOC,-0.10624323704622425,0.37440967801767233,0.5850151219026131,72,False,per_turn
Qwen,9,U4,LM,-0.07952673636953206,0.5066585875039855,0.6846737668972777,72,False,per_turn
Qwen,9,U4,ME,-0.03524187279837883,0.76883820006398,0.8939979070511395,72,False,per_turn
Qwen,9,U4,EMP,-0.0037787001731038644,0.9748689727506139,0.9748689727506139,72,False,per_turn
Qwen,9,U5,SEN,0.2599345733154635,0.027449187078640136,0.1536199140993051,72,False,per_turn
Qwen,9,U5,AUR,0.19610475488665882,0.0987478182893083,0.2742994952480786,72,False,per_turn
Qwen,9,U5,TD,0.09316443812042148,0.4363413717507907,0.6233448167868438,72,False,per_turn
Qwen,9,U5,FIX,0.022294012002280098,0.85253630643245,0.9069535174813298,72,False,per_turn
Qwen,9,U5,RT,-0.07173846930905547,0.5492796196527026,0.7121923736134366,72,False,per_turn
Qwen,9,U5,TN,0.1148979536935407,0.33651885253749503,0.5802049181680949,72,False,per_turn
Qwen,9,U5,QOC,-0.14591292286403634,0.2213291750415749,0.48115038052516285,72,False,per_turn
Qwen,9,U5,LM,0.10819471356772918,0.3656483824727579,0.5850151219026131,72,False,per_turn
Qwen,9,U5,ME,-0.06532826654706284,0.5856090133646057,0.7314973437298928,72,False,per_turn
Qwen,9,U5,EMP,0.2061921484353397,0.08226301912806472,0.25707193477520224,72,False,per_turn
Qwen,10,U1,SEN,0.3070521059177812,0.009198462983636042,0.11762855685054359,71,False,per_turn
Qwen,10,U1,AUR,0.2597860512246251,0.028680202227343563,0.18499963114685902,71,False,per_turn
Qwen,10,U1,TD,-0.018840451640003003,0.8760736807261884,0.9319932773682855,71,False,per_turn
Qwen,10,U1,FIX,0.19417906154151252,0.10466958105819442,0.32466565304124595,71,False,per_turn
Qwen,10,U1,RT,0.2964174626792628,0.012072764725836039,0.12072764725836038,71,False,per_turn
Qwen,10,U1,TN,0.13015466266022385,0.27932097173552467,0.49878744952772264,71,False,per_turn
Qwen,10,U1,QOC,0.10134887079110742,0.400352948123485,0.6255514814429453,71,False,per_turn
Qwen,10,U1,LM,0.3061759651354365,0.009410284548043487,0.11762855685054359,71,False,per_turn
Qwen,10,U1,ME,-0.0562583590482285,0.641218018205935,0.8150711672330468,71,False,per_turn
Qwen,10,U1,EMP,0.11535880211440176,0.3380727652296224,0.5452786535961651,71,False,per_turn
Qwen,10,U2,SEN,0.18138034503632477,0.13007736123307506,0.32466565304124595,71,False,per_turn
Qwen,10,U2,AUR,0.16079400265746457,0.18038837265665436,0.3758091097013632,71,False,per_turn
Qwen,10,U2,TD,0.12086791757096829,0.3153493758867562,0.5255822931445937,71,False,per_turn
Qwen,10,U2,FIX,-0.002795757109667758,0.9815391087255497,0.9815391087255497,71,False,per_turn
Qwen,10,U2,RT,0.12278592965331558,0.30767412464326294,0.5255822931445937,71,False,per_turn
Qwen,10,U2,TN,0.1785147536147416,0.1363595742773233,0.32466565304124595,71,False,per_turn
Qwen,10,U2,QOC,-0.20024425195145956,0.0940630583625211,0.32466565304124595,71,False,per_turn
Qwen,10,U2,LM,-0.015544008429475065,0.897627434652754,0.9350285777632853,71,False,per_turn
Qwen,10,U2,ME,-0.23098658852721676,0.05261380839278128,0.23915367451264216,71,False,per_turn
Qwen,10,U2,EMP,0.16607612396225582,0.16630433272995607,0.36153115810860015,71,False,per_turn
Qwen,10,U3,SEN,0.5101076261043253,5.515297284358372e-06,0.0002757648642179186,71,True,per_turn
Qwen,10,U3,AUR,0.42446404605641036,0.0002249749005536015,0.005624372513840037,71,True,per_turn
Qwen,10,U3,TD,0.05187764635457349,0.6674434904330893,0.8150711672330468,71,False,per_turn
Qwen,10,U3,FIX,0.15158891874702646,0.20696823732003816,0.4038680580612162,71,False,per_turn
Qwen,10,U3,RT,0.23786886102038135,0.04576950373017211,0.23915367451264216,71,False,per_turn
Qwen,10,U3,TN,0.20279210363552894,0.08986716107573488,0.32466565304124595,71,False,per_turn
Qwen,10,U3,QOC,-0.1432143549664772,0.23346546968824355,0.4323434623856362,71,False,per_turn
Qwen,10,U3,LM,0.19315353556848625,0.1065513411726425,0.32466565304124595,71,False,per_turn
Qwen,10,U3,ME,-0.05172606001118717,0.6683583571310985,0.8150711672330468,71,False,per_turn
Qwen,10,U3,EMP,0.23385979934160991,0.04966107339122802,0.23915367451264216,71,False,per_turn
Qwen,10,U4,SEN,0.2858467915337294,0.0156710155259533,0.13059179604961085,71,False,per_turn
Qwen,10,U4,AUR,-0.07645341571761631,0.52627547495115,0.7518221070730715,71,False,per_turn
Qwen,10,U4,TD,-0.060668767359105334,0.6152500176304337,0.8095394968821497,71,False,per_turn
Qwen,10,U4,FIX,-0.06706201816172083,0.5784359955829945,0.7816702643013439,71,False,per_turn
Qwen,10,U4,RT,0.06997910794836885,0.5619822424470673,0.7805308922875934,71,False,per_turn
Qwen,10,U4,TN,-0.038144132808895476,0.7521405462695419,0.8745820305459788,71,False,per_turn
Qwen,10,U4,QOC,-0.08025240512747749,0.5058648971665658,0.7439189664214203,71,False,per_turn
Qwen,10,U4,LM,-0.15059006126197153,0.21001139019183243,0.4038680580612162,71,False,per_turn
Qwen,10,U4,ME,-0.02898550724637681,0.8103679123476196,0.9208726276677496,71,False,per_turn
Qwen,10,U4,EMP,0.01941437014744789,0.8723298415830769,0.9319932773682855,71,False,per_turn
Qwen,10,U5,SEN,0.170902945163165,0.15415705966233267,0.3503569537780288,71,False,per_turn
Qwen,10,U5,AUR,0.2583582276796359,0.029599940983497445,0.18499963114685902,71,False,per_turn
Qwen,10,U5,TD,0.08106663983910099,0.5015439722978705,0.7439189664214203,71,False,per_turn
Qwen,10,U5,FIX,0.019094896733065546,0.8744135208676879,0.9319932773682855,71,False,per_turn
Qwen,10,U5,RT,0.1813702485478328,0.1300991031575741,0.32466565304124595,71,False,per_turn
Qwen,10,U5,TN,0.2123736842595649,0.07539198210963764,0.31413325879015686,71,False,per_turn
Qwen,10,U5,QOC,-0.04330116728880712,0.7199287125680984,0.8570579911524983,71,False,per_turn
Qwen,10,U5,LM,-0.00681434012028226,0.9550230721188099,0.9745133388967447,71,False,per_turn
Qwen,10,U5,ME,-0.189098061527846,0.11425073742182185,0.32466565304124595,71,False,per_turn
Qwen,10,U5,EMP,0.18127029143397375,0.1303145011203721,0.32466565304124595,71,False,per_turn
Llama,1,U1,SEN,0.4621163847592782,4.381128478677059e-05,0.0010952821196692649,72,True,per_turn
Llama,1,U1,AUR,0.2470086991735124,0.03645745043374047,0.2136905697901118,72,False,per_turn
Llama,1,U1,TD,-0.16922749911292653,0.15529227643509744,0.39415266442807645,72,False,per_turn
Llama,1,U1,FIX,0.19830046517963634,0.09495618730613961,0.33912924037907005,72,False,per_turn
Llama,1,U1,RT,0.13225806353095185,0.2680867126785068,0.6092879833602427,72,False,per_turn
Llama,1,U1,TN,0.041448233887788684,0.729573237508351,0.9859097804166905,72,False,per_turn
Llama,1,U1,QOC,-0.1473602487511486,0.21673148925936436,0.516027355379439,72,False,per_turn
Llama,1,U1,LM,0.1753152355928224,0.14075140568567054,0.3909761269046404,72,False,per_turn
Llama,1,U1,ME,,,1.0,72,False,per_turn
Llama,1,U1,EMP,0.1118098351556224,0.3497522344599905,0.699504468919981,72,False,per_turn
Llama,1,U2,SEN,0.08131968934442677,0.49709348730122094,0.857057736726243,72,False,per_turn
Llama,1,U2,AUR,0.18407029161234872,0.12166783167934353,0.38021197399794854,72,False,per_turn
Llama,1,U2,TD,-0.04953127791737038,0.6794710990798158,0.9859097804166905,72,False,per_turn
Llama,1,U2,FIX,0.23827267955567857,0.043846355111877,0.21923177555938497,72,False,per_turn
Llama,1,U2,RT,0.24484157667461917,0.0381859111766031,0.2136905697901118,72,False,per_turn
Llama,1,U2,TN,-0.17880237581589412,0.13289720867803848,0.3908741431707014,72,False,per_turn
Llama,1,U2,QOC,-0.1682764872900996,0.15766106577123057,0.39415266442807645,72,False,per_turn
Llama,1,U2,LM,0.05268747401443745,0.6602636309763985,0.9859097804166905,72,False,per_turn
Llama,1,U2,ME,,,1.0,72,False,per_turn
Llama,1,U2,EMP,-0.11832299655277728,0.3222155333297756,0.6712823611036991,72,False,per_turn
Llama,1,U3,SEN,0.6247580176717713,4.483952599462982e-09,2.2419762997314912e-07,72,True,per_turn
Llama,1,U3,AUR,0.02016467849003967,0.8664845664389811,1.0,72,False,per_turn
Llama,1,U3,TD,-0.07345847428328983,0.5397201288052381,0.8995335480087302,72,False,per_turn
Llama,1,U3,FIX,0.2445002018068175,0.03846430256222012,0.2136905697901118,72,False,per_turn
Llama,1,U3,RT,0.32833251232835975,0.004866384392790705,0.07409847473045891,72,False,per_turn
Llama,1,U3,TN,0.0950381926622983,0.42713024526848664,0.8214043178240128,72,False,per_turn
Llama,1,U3,QOC,-0.005144193546968295,0.9657921997365134,1.0,72,False,per_turn
Llama,1,U3,LM,0.0422141112135,0.7247732980468542,0.9859097804166905,72,False,per_turn
Llama,1,U3,ME,,,1.0,72,False,per_turn
Llama,1,U3,EMP,0.028826671244057717,0.8100423113878579,1.0,72,False,per_turn
Llama,1,U4,SEN,0.0,1.0,1.0,72,False,per_turn
Llama,1,U4,AUR,0.03373770992533696,0.7784466886174657,1.0,72,False,per_turn
Llama,1,U4,TD,0.27588497623921304,0.018990716078404118,0.1582559673200343,72,False,per_turn
Llama,1,U4,FIX,0.21625139053315018,0.06807746227767471,0.2836560928236446,72,False,per_turn
Llama,1,U4,RT,0.22257585814479236,0.06021549446839722,0.2737067930381692,72,False,per_turn
Llama,1,U4,TN,-0.19166296949998196,0.1067787357314463,0.355929119104821,72,False,per_turn
Llama,1,U4,QOC,-0.20118389767270464,0.09015140755400783,0.33912924037907005,72,False,per_turn
Llama,1,U4,LM,-0.011035753058718364,0.9266937632433483,1.0,72,False,per_turn
Llama,1,U4,ME,,,1.0,72,False,per_turn
Llama,1,U4,EMP,-0.019378193323000812,0.8716470011406747,1.0,72,False,per_turn
Llama,1,U5,SEN,0.12386590272430709,0.29990320716950786,0.6519634938467562,72,False,per_turn
Llama,1,U5,AUR,0.08183234304288169,0.4943759782756577,0.857057736726243,72,False,per_turn
Llama,1,U5,TD,-0.011549243725145939,0.9232929152168861,1.0,72,False,per_turn
Llama,1,U5,FIX,0.31297268757719815,0.0074331195673974565,0.07433119567397456,72,False,per_turn
Llama,1,U5,RT,0.3212736616069258,0.005927877978436713,0.07409847473045891,72,False,per_turn
Llama,1,U5,TN,-0.08416505701826178,0.48210938219929833,0.857057736726243,72,False,per_turn
Llama,1,U5,QOC,-0.06689143756305184,0.5766498810368932,0.9300804532853115,72,False,per_turn
Llama,1,U5,LM,-0.045751019527820166,0.702746243833625,0.9859097804166905,72,False,per_turn
Llama,1,U5,ME,,,1.0,72,False,per_turn
Llama,1,U5,EMP,-0.044938350423948066,0.7077865727305517,0.9859097804166905,72,False,per_turn
Llama,2,U1,SEN,0.3526325001621032,0.0023811152459045502,0.025971985896925787,72,True,per_turn
Llama,2,U1,AUR,0.20911594644016512,0.0779173341490015,0.35682972801378704,72,False,per_turn
Llama,2,U1,TD,-0.09588718454240086,0.42299348980108165,0.7233037753357523,72,False,per_turn
Llama,2,U1,FIX,0.11370434188368171,0.3415959487827199,0.7116582266306666,72,False,per_turn
Llama,2,U1,RT,0.05594550133022386,0.6406637249442562,0.8898107290892447,72,False,per_turn
Llama,2,U1,TN,0.19525747307333982,0.10024216400730628,0.35800772859752245,72,False,per_turn
Llama,2,U1,QOC,0.022341697396296215,0.8522244412657866,1.0,72,False,per_turn
Llama,2,U1,LM,0.11997578281522273,0.31545430583317113,0.7116582266306666,72,False,per_turn
Llama,2,U1,ME,,,1.0,72,False,per_turn
Llama,2,U1,EMP,0.2158335239362799,0.06862470476047788,0.35682972801378704,72,False,per_turn
Llama,2,U2,SEN,0.033138937022659416,0.7822809382007183,0.9747478781703945,72,False,per_turn
Llama,2,U2,AUR,-0.03975127783350626,0.740245242563855,0.9740068981103356,72,False,per_turn
Llama,2,U2,TD,0.08547624920142513,0.47528623704684925,0.7233037753357523,72,False,per_turn
Llama,2,U2,FIX,0.26988360443410947,0.02186638181233161,0.1739497387616314,72,False,per_turn
Llama,2,U2,RT,0.376299712119199,0.0011229665701576212,0.025134349760209448,72,True,per_turn
Llama,2,U2,TN,0.003039733223807299,0.979782470970608,1.0,72,False,per_turn
Llama,2,U2,QOC,-0.2060509438743158,0.08247766371943302,0.35682972801378704,72,False,per_turn
Llama,2,U2,LM,0.035830992558571445,0.7650843025269076,0.9747478781703945,72,False,per_turn
Llama,2,U2,ME,,,1.0,72,False,per_turn
Llama,2,U2,EMP,-0.09102141237179934,0.4470121669606284,0.7233037753357523,72,False,per_turn
Llama,2,U3,SEN,0.5988172421968482,2.7559910538779673e-08,1.3779955269389837e-06,72,True,per_turn
Llama,2,U3,AUR,0.08507273538757357,0.47738049172159647,0.7233037753357523,72,False,per_turn
Llama,2,U3,TD,-0.0011530004754667473,0.9923306064201133,1.0,72,False,per_turn
Llama,2,U3,FIX,0.12108311248836531,0.3109758263655303,0.7116582266306666,72,False,per_turn
Llama,2,U3,RT,0.1164756363441527,0.3298813742813592,0.7116582266306666,72,False,per_turn
Llama,2,U3,TN,0.15109671922952492,0.20517394795852625,0.6411685873703945,72,False,per_turn
Llama,2,U3,QOC,0.11895773785772162,0.319608067263349,0.7116582266306666,72,False,per_turn
Llama,2,U3,LM,0.049159492295584785,0.6817474118287519,0.92128028625507,72,False,per_turn
Llama,2,U3,ME,,,1.0,72,False,per_turn
Llama,2,U3,EMP,0.030491732354198223,0.7992932600997236,0.9747478781703945,72,False,per_turn
Llama,2,U4,SEN,-0.06625568373916033,0.5802859969072454,0.8533617601577137,72,False,per_turn
Llama,2,U4,AUR,0.05835941501268764,0.6262974728532842,0.8898107290892447,72,False,per_turn
Llama,2,U4,TD,0.24361315466018257,0.03919558932937992,0.2449724333086245,72,False,per_turn
Llama,2,U4,FIX,0.13680854337396825,0.25182000654288106,0.7116582266306666,72,False,per_turn
Llama,2,U4,RT,0.20400415492693347,0.08563913472330889,0.35682972801378704,72,False,per_turn
Llama,2,U4,TN,-0.1304002669850321,0.27492646734545456,0.7116582266306666,72,False,per_turn
Llama,2,U4,QOC,0.26521408854658535,0.024352963426628398,0.1739497387616314,72,False,per_turn
Llama,2,U4,LM,0.09843509237857516,0.4107173655289663,0.7233037753357523,72,False,per_turn
Llama,2,U4,ME,,,1.0,72,False,per_turn
Llama,2,U4,EMP,-0.09141571806816423,0.44503796493115066,0.7233037753357523,72,False,per_turn
Llama,2,U5,SEN,0.19680870738770756,0.09751954364332768,0.35800772859752245,72,False,per_turn
Llama,2,U5,AUR,-0.0945045113814222,0.42974239571154205,0.7233037753357523,72,False,per_turn
Llama,2,U5,TD,0.08524946574452283,0.47646264580371933,0.7233037753357523,72,False,per_turn
Llama,2,U5,FIX,0.34977873195287723,0.002597198589692579,0.025971985896925787,72,True,per_turn
Llama,2,U5,RT,0.3672254787939276,0.0015080609856125667,0.025134349760209448,72,True,per_turn
Llama,2,U5,TN,0.11917250660259364,0.31872888124259036,0.7116582266306666,72,False,per_turn
Llama,2,U5,QOC,-0.18839944016099602,0.11299531232228477,0.37665104107428254,72,False,per_turn
Llama,2,U5,LM,-0.009614166249901383,0.9361155828828986,1.0,72,False,per_turn
Llama,2,U5,ME,,,1.0,72,False,per_turn
Llama,2,U5,EMP,-0.08595349929101971,0.47281566804562636,0.7233037753357523,72,False,per_turn
Llama,3,U1,SEN,0.3709242554167158,0.0013386465590820784,0.01673308198852598,72,True,per_turn
Llama,3,U1,AUR,0.22219855182025816,0.06066288541345297,0.25276202255605407,72,False,per_turn
Llama,3,U1,TD,-0.14227611524695807,0.2331826933365911,0.3990484785309412,72,False,per_turn
Llama,3,U1,FIX,0.26344728518460525,0.0253543817030696,0.14085767612816447,72,False,per_turn
Llama,3,U1,RT,0.30304908758451715,0.00966443022372596,0.08053691853104966,72,False,per_turn
Llama,3,U1,TN,0.18455447396010027,0.12067331476411525,0.33520365212254233,72,False,per_turn
Llama,3,U1,QOC,-0.16105722354992674,0.17652250960497623,0.33776392868632044,72,False,per_turn
Llama,3,U1,LM,0.04788392542294062,0.689578717550801,0.9264092276877856,72,False,per_turn
Llama,3,U1,ME,,,1.0,72,False,per_turn
Llama,3,U1,EMP,0.15892619568278335,0.18239252149061305,0.33776392868632044,72,False,per_turn
Llama,3,U2,SEN,-0.04553722450837979,0.704071013042717,0.9264092276877856,72,False,per_turn
Llama,3,U2,AUR,-0.08445429277746223,0.480599800578035,0.7067644126147573,72,False,per_turn
Llama,3,U2,TD,-0.0548421485588561,0.6472748057505362,0.8989927857646336,72,False,per_turn
Llama,3,U2,FIX,0.24709542865616246,0.036389656789345096,0.16540753086065954,72,False,per_turn
Llama,3,U2,RT,0.21500693360286796,0.06971763294330367,0.25491502796419924,72,False,per_turn
Llama,3,U2,TN,0.16123883285889842,0.17602870463454648,0.33776392868632044,72,False,per_turn
Llama,3,U2,QOC,0.0004967638142400825,0.9966956440735264,1.0,72,False,per_turn
Llama,3,U2,LM,0.13807648669660025,0.24741005668918356,0.3990484785309412,72,False,per_turn
Llama,3,U2,ME,,,1.0,72,False,per_turn
Llama,3,U2,EMP,-0.009321768462693164,0.9380546298982646,1.0,72,False,per_turn
Llama,3,U3,SEN,0.9999999999999998,0.0,0.0,72,True,per_turn
Llama,3,U3,AUR,0.1394780240422492,0.2425973560479807,0.3990484785309412,72,False,per_turn
Llama,3,U3,TD,-0.2137721992244074,0.07137620782997578,0.25491502796419924,72,False,per_turn
Llama,3,U3,FIX,0.19562767576168474,0.09958708454320313,0.2929031898329504,72,False,per_turn
Llama,3,U3,RT,0.20270341456344643,0.08769754895527984,0.27405484048524953,72,False,per_turn
Llama,3,U3,TN,0.1423493729229723,0.2329396596299576,0.3990484785309412,72,False,per_turn
Llama,3,U3,QOC,-0.27604494943987273,0.01891871669860776,0.13513369070434114,72,False,per_turn
Llama,3,U3,LM,0.03381480055787397,0.7779534188724072,0.9731842623992234,72,False,per_turn
Llama,3,U3,ME,,,1.0,72,False,per_turn
Llama,3,U3,EMP,0.033721970381711354,0.7785474099193788,0.9731842623992234,72,False,per_turn
Llama,3,U4,SEN,-0.06625568373916033,0.5802859969072454,0.828979995581779,72,False,per_turn
Llama,3,U4,AUR,-0.11336754254816842,0.34303717418174184,0.5359955846589717,72,False,per_turn
Llama,3,U4,TD,0.2657095716829362,0.024078221778654634,0.14085767612816447,72,False,per_turn
Llama,3,U4,FIX,0.1736833685729687,0.14454467379150285,0.33776392868632044,72,False,per_turn
Llama,3,U4,RT,0.17996539459739241,0.13035292985564095,0.33776392868632044,72,False,per_turn
Llama,3,U4,TN,-0.2554519629110832,0.030332843514869357,0.15166421757434678,72,False,per_turn
Llama,3,U4,QOC,0.31420503593538657,0.007190361920686274,0.07190361920686274,72,False,per_turn
Llama,3,U4,LM,-0.16440435377085696,0.16758270668285788,0.33776392868632044,72,False,per_turn
Llama,3,U4,ME,,,1.0,72,False,per_turn
Llama,3,U4,EMP,-0.16840826742715195,0.15733123746740246,0.33776392868632044,72,False,per_turn
Llama,3,U5,SEN,0.1689902847344104,0.15588064262517945,0.33776392868632044,72,False,per_turn
Llama,3,U5,AUR,-0.207813094371452,0.07983063576267552,0.2661021192089184,72,False,per_turn
Llama,3,U5,TD,0.004896834783172352,0.9674361668246753,1.0,72,False,per_turn
Llama,3,U5,FIX,0.43003542254753696,0.00016318705487710063,0.004079676371927516,72,True,per_turn
Llama,3,U5,RT,0.3970044995262582,0.0005547956706432115,0.009246594510720192,72,True,per_turn
Llama,3,U5,TN,-0.10085215053253928,0.3992653876684741,0.6049475570734456,72,False,per_turn
Llama,3,U5,QOC,-0.16365346305781717,0.16955870364844217,0.33776392868632044,72,False,per_turn
Llama,3,U5,LM,-0.00600122521735997,0.9600974389676264,1.0,72,False,per_turn
Llama,3,U5,ME,,,1.0,72,False,per_turn
Llama,3,U5,EMP,-0.017499713010675533,0.8839984885584993,1.0,72,False,per_turn
Llama,4,U1,SEN,0.3921498598814514,0.0006572485670057421,0.016431214175143552,72,True,per_turn
Llama,4,U1,AUR,0.047685087806492846,0.690802437188667,0.8855351911988067,72,False,per_turn
Llama,4,U1,TD,-0.29110650364320667,0.013106060749449257,0.13106060749449258,72,False,per_turn
Llama,4,U1,FIX,0.030547475281566438,0.7989340341552487,0.9289930629712194,72,False,per_turn
Llama,4,U1,RT,0.09962427596903928,0.40505936272749576,0.6983782115991307,72,False,per_turn
Llama,4,U1,TN,0.15093781199421216,0.20565636811906646,0.6666938804484287,72,False,per_turn
Llama,4,U1,QOC,-0.07674005307045394,0.5217107792631448,0.7904708776714315,72,False,per_turn
Llama,4,U1,LM,0.15040161913795771,0.20729012436456193,0.6666938804484287,72,False,per_turn
Llama,4,U1,ME,,,1.0,72,False,per_turn
Llama,4,U1,EMP,-0.08021567395933522,0.5029720603467024,0.7904708776714315,72,False,per_turn
Llama,4,U2,SEN,0.038701019610448376,0.7468749616612507,0.8891368591205365,72,False,per_turn
Llama,4,U2,AUR,-0.14630503430885677,0.22007686464086088,0.6666938804484287,72,False,per_turn
Llama,4,U2,TD,-0.043500674715609026,0.7167339466006943,0.8855351911988067,72,False,per_turn
Llama,4,U2,FIX,0.1221551987237907,0.3066791850062772,0.6666938804484287,72,False,per_turn
Llama,4,U2,RT,0.10325324902499548,0.38807732033503795,0.6983782115991307,72,False,per_turn
Llama,4,U2,TN,0.0038543089776081913,0.974366288396995,1.0,72,False,per_turn
Llama,4,U2,QOC,0.011337605809045265,0.9246944301819532,1.0,72,False,per_turn
Llama,4,U2,LM,-0.05278104933306605,0.6596974186134384,0.8855351911988067,72,False,per_turn
Llama,4,U2,ME,,,1.0,72,False,per_turn
Llama,4,U2,EMP,0.1565954235667353,0.1889734695083321,0.6666938804484287,72,False,per_turn
Llama,4,U3,SEN,0.6416889479197478,1.249010249244126e-09,6.24505124622063e-08,72,True,per_turn
Llama,4,U3,AUR,0.1333992257679625,0.2639425506101998,0.6666938804484287,72,False,per_turn
Llama,4,U3,TD,-0.1723153715868547,0.147783209852013,0.6666938804484287,72,False,per_turn
Llama,4,U3,FIX,0.08372412210726277,0.48441555861270147,0.7904708776714315,72,False,per_turn
Llama,4,U3,RT,0.11082318341511886,0.354047476329839,0.6983782115991307,72,False,per_turn
Llama,4,U3,TN,0.0419960525565808,0.7261388567830216,0.8855351911988067,72,False,per_turn
Llama,4,U3,QOC,-0.3240212139582997,0.005492611841830705,0.09154353069717841,72,False,per_turn
Llama,4,U3,LM,-0.12314934674116676,0.30272945269138596,0.6666938804484287,72,False,per_turn
Llama,4,U3,ME,,,1.0,72,False,per_turn
Llama,4,U3,EMP,-0.14935943474704588,0.21049192729891258,0.6666938804484287,72,False,per_turn
Llama,4,U4,SEN,-0.07312724241271305,0.5415547043315359,0.7964039769581409,72,False,per_turn
Llama,4,U4,AUR,-0.1064157686745048,0.3736300060914983,0.6983782115991307,72,False,per_turn
Llama,4,U4,TD,0.20883363405055305,0.07832879222528473,0.5594913730377481,72,False,per_turn
Llama,4,U4,FIX,0.14892084929531763,0.2118497637696523,0.6666938804484287,72,False,per_turn
Llama,4,U4,RT,0.12405402556534183,0.2991640740222119,0.6666938804484287,72,False,per_turn
Llama,4,U4,TN,-0.10050378152592121,0.40090425866738855,0.6983782115991307,72,False,per_turn
Llama,4,U4,QOC,-0.13866348729360573,0.24538647177936235,0.6666938804484287,72,False,per_turn
Llama,4,U4,LM,-0.13162144414284138,0.2704175188516631,0.6666938804484287,72,False,per_turn
Llama,4,U4,ME,,,1.0,72,False,per_turn
Llama,4,U4,EMP,-0.10286124689284593,0.3898910012730191,0.6983782115991307,72,False,per_turn
Llama,4,U5,SEN,0.17093074834888347,0.1511160396176528,0.6666938804484287,72,False,per_turn
Llama,4,U5,AUR,0.0647762435761322,0.5887879042518389,0.8411255775026271,72,False,per_turn
Llama,4,U5,TD,0.12233453546511934,0.30596422533733,0.6666938804484287,72,False,per_turn
Llama,4,U5,FIX,0.19041882957713044,0.10911660616337684,0.6666938804484287,72,False,per_turn
Llama,4,U5,RT,0.05412619384183328,0.651579325098509,0.8855351911988067,72,False,per_turn
Llama,4,U5,TN,0.29936221012702874,0.01063123900709985,0.13106060749449258,72,False,per_turn
Llama,4,U5,QOC,-0.050566949280814975,0.6731451607163158,0.8855351911988067,72,False,per_turn
Llama,4,U5,LM,-0.07711179522236697,0.5196898975106695,0.7904708776714315,72,False,per_turn
Llama,4,U5,ME,,,1.0,72,False,per_turn
Llama,4,U5,EMP,0.24879106250433733,0.035085205044467264,0.2923767087038939,72,False,per_turn
Llama,5,U1,SEN,0.4050857549645088,0.0004160232203096078,0.010400580507740195,72,True,per_turn
Llama,5,U1,AUR,0.24368265052153962,0.03913788258233402,0.2795563041595287,72,False,per_turn
Llama,5,U1,TD,-0.3599859814892709,0.0018965973854063439,0.03160995642343906,72,True,per_turn
Llama,5,U1,FIX,-0.018263800853345162,0.8789709156827622,1.0,72,False,per_turn
Llama,5,U1,RT,-0.008146049999833368,0.9458549660090414,1.0,72,False,per_turn
Llama,5,U1,TN,0.2618622022981012,0.02628225816331975,0.21901881802766457,72,False,per_turn
Llama,5,U1,QOC,0.07015828807464268,0.5581333839530354,0.9622989378500609,72,False,per_turn
Llama,5,U1,LM,0.19208513454850104,0.10599432979848881,0.5360683155853867,72,False,per_turn
Llama,5,U1,ME,,,1.0,72,False,per_turn
Llama,5,U1,EMP,0.13479730536680684,0.25892459807332724,0.6825686271765994,72,False,per_turn
Llama,5,U2,SEN,0.2740790978752695,0.01981988304161599,0.19819883041615988,72,False,per_turn
Llama,5,U2,AUR,-0.1748766123828002,0.14176354458501322,0.6443797481136965,72,False,per_turn
Llama,5,U2,TD,0.1399010137755698,0.24115760269268036,0.6825686271765994,72,False,per_turn
Llama,5,U2,FIX,-0.14768720025345114,0.2157022493547304,0.6825686271765994,72,False,per_turn
Llama,5,U2,RT,-0.08275117042280047,0.48952491576138435,0.8886499834036515,72,False,per_turn
Llama,5,U2,TN,0.023239282338011834,0.8463584538297637,1.0,72,False,per_turn
Llama,5,U2,QOC,-0.151289129433167,0.2045908954045723,0.6825686271765994,72,False,per_turn
Llama,5,U2,LM,-0.027827426421428735,0.8165100952706471,1.0,72,False,per_turn
Llama,5,U2,ME,,,1.0,72,False,per_turn
Llama,5,U2,EMP,0.08121601602746818,0.4976439907060448,0.8886499834036515,72,False,per_turn
Llama,5,U3,SEN,0.7726674092862558,1.8662856956912056e-15,9.331428478456028e-14,72,True,per_turn
Llama,5,U3,AUR,0.11327561767767327,0.3434311967987408,0.7465895582581321,72,False,per_turn
Llama,5,U3,TD,-0.0978279740156158,0.4136235856003889,0.8617158033341435,72,False,per_turn
Llama,5,U3,FIX,0.12654487725411145,0.28948972911755383,0.7237243227938845,72,False,per_turn
Llama,5,U3,RT,0.1444088979502891,0.22617898264009406,0.6825686271765994,72,False,per_turn
Llama,5,U3,TN,0.11824971875806833,0.32251742452122134,0.7329941466391395,72,False,per_turn
Llama,5,U3,QOC,0.03423265984407288,0.7752812451146485,1.0,72,False,per_turn
Llama,5,U3,LM,0.02725321405002239,0.8202323528797303,1.0,72,False,per_turn
Llama,5,U3,ME,,,1.0,72,False,per_turn
Llama,5,U3,EMP,0.014869717232215203,0.9013371823913281,1.0,72,False,per_turn
Llama,5,U4,SEN,-0.056961797141151044,0.6345988399923435,1.0,72,False,per_turn
Llama,5,U4,AUR,-0.08350789327525197,0.4855486122381465,0.8886499834036515,72,False,per_turn
Llama,5,U4,TD,0.1538554437923503,0.19692679658756732,0.6825686271765994,72,False,per_turn
Llama,5,U4,FIX,0.037550740616307,0.7541571274541945,1.0,72,False,per_turn
Llama,5,U4,RT,0.04920801692436017,0.6814501511751703,1.0,72,False,per_turn
Llama,5,U4,TN,0.03680715856896273,0.7588760359972415,1.0,72,False,per_turn
Llama,5,U4,QOC,-0.16151457061744962,0.17528088731214647,0.6825686271765994,72,False,per_turn
Llama,5,U4,LM,-0.0020410246049744397,0.9864241878759523,1.0,72,False,per_turn
Llama,5,U4,ME,,,1.0,72,False,per_turn
Llama,5,U4,EMP,-0.21047233883404726,0.07596440357284952,0.4747775223303095,72,False,per_turn
Llama,5,U5,SEN,0.19142992820927382,0.10721366311707735,0.5360683155853867,72,False,per_turn
Llama,5,U5,AUR,0.11927312860872134,0.3183175044212112,0.7329941466391395,72,False,per_turn
Llama,5,U5,TD,0.08579156994439882,0.47365314765268174,0.8886499834036515,72,False,per_turn
Llama,5,U5,FIX,0.06391945185539331,0.5937372173781637,0.9895620289636061,72,False,per_turn
Llama,5,U5,RT,0.05220879306353029,0.6631630406326994,1.0,72,False,per_turn
Llama,5,U5,TN,0.3190753392055686,0.006297750156993513,0.07872187696241892,72,False,per_turn
Llama,5,U5,QOC,0.0,1.0,1.0,72,False,per_turn
Llama,5,U5,LM,0.027151058000890016,0.820894984126861,1.0,72,False,per_turn
Llama,5,U5,ME,,,1.0,72,False,per_turn
Llama,5,U5,EMP,0.13467076916301204,0.25937607832710774,0.6825686271765994,72,False,per_turn
Llama,6,U1,SEN,0.2851277420831222,0.015196129079846764,0.14916181639143164,72,False,per_turn
Llama,6,U1,AUR,0.29943019891582473,0.01061267575218145,0.14916181639143164,72,False,per_turn
Llama,6,U1,TD,-0.38071647887530297,0.0009698413249973173,0.024246033124932932,72,True,per_turn
Llama,6,U1,FIX,0.0677774029793697,0.5716003160668809,0.9713947104604874,72,False,per_turn
Llama,6,U1,RT,0.10000520195355836,0.40325664655676374,0.8065132931135275,72,False,per_turn
Llama,6,U1,TN,0.12110823595607462,0.3108746956347013,0.7314113730513276,72,False,per_turn
Llama,6,U1,QOC,-0.053223133821322224,0.6570250043173167,0.9713947104604874,72,False,per_turn
Llama,6,U1,LM,0.15459536389712225,0.19475578398867482,0.7012756982382657,72,False,per_turn
Llama,6,U1,ME,,,1.0,72,False,per_turn
Llama,6,U1,EMP,0.0614329878345826,0.6082047652785891,0.9713947104604874,72,False,per_turn
Llama,6,U2,SEN,0.20715457799480472,0.080811812433233,0.5050738277077063,72,False,per_turn
Llama,6,U2,AUR,0.022992455212769134,0.8479707271425516,1.0,72,False,per_turn
Llama,6,U2,TD,0.1170437950722891,0.3275115267069386,0.7314113730513276,72,False,per_turn
Llama,6,U2,FIX,-0.06482821938294994,0.5884882631313784,0.9713947104604874,72,False,per_turn
Llama,6,U2,RT,0.04197859547141917,0.7262482159804039,0.9814165080816268,72,False,per_turn
Llama,6,U2,TN,0.04650924081173154,0.6980551075083308,0.9713947104604874,72,False,per_turn
Llama,6,U2,QOC,-0.13023382694247793,0.27554487932218213,0.7251181034794266,72,False,per_turn
Llama,6,U2,LM,0.11328364255001473,0.3433967880842089,0.7314113730513276,72,False,per_turn
Llama,6,U2,ME,,,1.0,72,False,per_turn
Llama,6,U2,EMP,0.15328961972597102,0.19859864926849904,0.7012756982382657,72,False,per_turn
Llama,6,U3,SEN,0.57953786404698,9.605715508630624e-08,4.802857754315312e-06,72,True,per_turn
Llama,6,U3,AUR,0.16116459280507606,0.17623044521155765,0.7012756982382657,72,False,per_turn
Llama,6,U3,TD,-0.13763425190510112,0.24894211590651022,0.7012756982382657,72,False,per_turn
Llama,6,U3,FIX,0.13762047064079508,0.24898996316548297,0.7012756982382657,72,False,per_turn
Llama,6,U3,RT,0.060152076231736955,0.6157172464862491,0.9713947104604874,72,False,per_turn
Llama,6,U3,TN,0.1938324980081855,0.10279509258077643,0.5710838476709802,72,False,per_turn
Llama,6,U3,QOC,-0.11766856380257293,0.3249180675307336,0.7314113730513276,72,False,per_turn
Llama,6,U3,LM,0.012054428075123559,0.9199484178617146,1.0,72,False,per_turn
Llama,6,U3,ME,,,1.0,72,False,per_turn
Llama,6,U3,EMP,0.13926212476455826,0.24333449922046277,0.7012756982382657,72,False,per_turn
Llama,6,U4,SEN,-0.055470019622522924,0.6435093406599954,0.9713947104604874,72,False,per_turn
Llama,6,U4,AUR,-0.06776309271789384,0.5716817137417335,0.9713947104604874,72,False,per_turn
Llama,6,U4,TD,0.15286296409067307,0.19986599477508116,0.7012756982382657,72,False,per_turn
Llama,6,U4,FIX,-0.04629100498862758,0.699404191531551,0.9713947104604874,72,False,per_turn
Llama,6,U4,RT,-0.02529147778628352,0.8329784911491954,1.0,72,False,per_turn
Llama,6,U4,TN,-0.15151853376157842,0.2038972831146057,0.7012756982382657,72,False,per_turn
Llama,6,U4,QOC,0.2869538329039684,0.014529262146080146,0.14916181639143164,72,False,per_turn
Llama,6,U4,LM,-0.11150462324365558,0.3510774590646373,0.7314113730513276,72,False,per_turn
Llama,6,U4,ME,,,1.0,72,False,per_turn
Llama,6,U4,EMP,-0.13662601021279464,0.2524592513657757,0.7012756982382657,72,False,per_turn
Llama,6,U5,SEN,0.27836750704389096,0.0178994179669718,0.14916181639143164,72,False,per_turn
Llama,6,U5,AUR,0.048449173116101515,0.6861043212399824,0.9713947104604874,72,False,per_turn
Llama,6,U5,TD,0.005125907507746136,0.9659137255012645,1.0,72,False,per_turn
Llama,6,U5,FIX,-0.09210981510300817,0.4415746198721927,0.8491819612926783,72,False,per_turn
Llama,6,U5,RT,-0.014102363901023696,0.906405150182651,1.0,72,False,per_turn
Llama,6,U5,TN,-0.03292095072316775,0.7836781075527837,1.0,72,False,per_turn
Llama,6,U5,QOC,0.0013348464562862683,0.9911210701378397,1.0,72,False,per_turn
Llama,6,U5,LM,0.2550557480974971,0.03059954391802015,0.2185681708430011,72,False,per_turn
Llama,6,U5,ME,,,1.0,72,False,per_turn
Llama,6,U5,EMP,0.03308816801193099,0.7826062777464664,1.0,72,False,per_turn
Llama,7,U1,SEN,0.4149875587448899,0.00028945514638056065,0.007236378659514016,72,True,per_turn
Llama,7,U1,AUR,0.13283598187306286,0.2659825519277725,0.822859127286395,72,False,per_turn
Llama,7,U1,TD,-0.17011687633924022,0.15310102357537983,0.6959137435244538,72,False,per_turn
Llama,7,U1,FIX,0.1552154959364776,0.19294951873466923,0.7626124534085903,72,False,per_turn
Llama,7,U1,RT,0.10786616039309987,0.3671146134327594,0.8303060817173687,72,False,per_turn
Llama,7,U1,TN,-0.11170121370679827,0.35022351038459587,0.8303060817173687,72,False,per_turn
Llama,7,U1,QOC,-0.056482555469078786,0.6374558226022151,0.9374350332385516,72,False,per_turn
Llama,7,U1,LM,0.2742151596246004,0.01975635107101714,0.24695438838771422,72,False,per_turn
Llama,7,U1,ME,,,1.0,72,False,per_turn
Llama,7,U1,EMP,0.06337007844285658,0.5969204761279165,0.9374350332385516,72,False,per_turn
Llama,7,U2,SEN,0.12480399379170302,0.2962292858231022,0.822859127286395,72,False,per_turn
Llama,7,U2,AUR,0.1010051381601789,0.39854691922433705,0.8303060817173687,72,False,per_turn
Llama,7,U2,TD,0.009602565541266851,0.9361925064349192,1.0,72,False,per_turn
Llama,7,U2,FIX,0.0451602229153286,0.7064092226746562,0.9740823535816941,72,False,per_turn
Llama,7,U2,RT,0.09449492608662395,0.42978939462821986,0.8393055738560565,72,False,per_turn
Llama,7,U2,TN,-0.01316212553473715,0.9126199999343874,1.0,72,False,per_turn
Llama,7,U2,QOC,-0.016241621692481015,0.8922863989012702,1.0,72,False,per_turn
Llama,7,U2,LM,0.18014707621404397,0.12995883628195382,0.6497941814097691,72,False,per_turn
Llama,7,U2,ME,,,1.0,72,False,per_turn
Llama,7,U2,EMP,0.26208643400645626,0.026149279158704082,0.2614927915870408,72,False,per_turn
Llama,7,U3,SEN,0.6681531047810607,1.4350003458731072e-10,7.175001729365536e-09,72,True,per_turn
Llama,7,U3,AUR,-0.003707137829340585,0.9753447632513756,1.0,72,False,per_turn
Llama,7,U3,TD,-0.03944126228783987,0.7422002669199521,0.9740823535816941,72,False,per_turn
Llama,7,U3,FIX,0.06091449038731726,0.6112409140095814,0.9374350332385516,72,False,per_turn
Llama,7,U3,RT,0.03931644226404198,0.7429878692412955,0.9740823535816941,72,False,per_turn
Llama,7,U3,TN,0.027438482430479076,0.819030937297394,1.0,72,False,per_turn
Llama,7,U3,QOC,-0.11140727536923337,0.3515007958162505,0.8303060817173687,72,False,per_turn
Llama,7,U3,LM,0.08282643573144106,0.4891286573817515,0.8734440310388419,72,False,per_turn
Llama,7,U3,ME,,,1.0,72,False,per_turn
Llama,7,U3,EMP,0.036664208724682144,0.7597842357937215,0.9740823535816941,72,False,per_turn
Llama,7,U4,SEN,0.07726674092862557,0.5188487428359961,0.8945667979930968,72,False,per_turn
Llama,7,U4,AUR,0.09163501600463758,0.4439420967837312,0.8393055738560565,72,False,per_turn
Llama,7,U4,TD,0.1254296189980364,0.29379554871405394,0.822859127286395,72,False,per_turn
Llama,7,U4,FIX,0.24214746427805098,0.04042920532724928,0.33424372102582295,72,False,per_turn
Llama,7,U4,RT,0.10384944992390177,0.385328531628086,0.8303060817173687,72,False,per_turn
Llama,7,U4,TN,-0.056519923914526586,0.6372328616361134,0.9374350332385516,72,False,per_turn
Llama,7,U4,QOC,-0.11255834154250921,0.34651540407569603,0.8303060817173687,72,False,per_turn
Llama,7,U4,LM,-0.1290026630508866,0.28014812774162656,0.822859127286395,72,False,per_turn
Llama,7,U4,ME,,,1.0,72,False,per_turn
Llama,7,U4,EMP,0.08978680122161592,0.45322500988227055,0.8393055738560565,72,False,per_turn
Llama,7,U5,SEN,0.3079962014036072,0.008488105072044049,0.1414684178674008,72,False,per_turn
Llama,7,U5,AUR,0.1533974575759332,0.19827923788623347,0.7626124534085903,72,False,per_turn
Llama,7,U5,TD,0.1298875518864624,0.27683444634713106,0.822859127286395,72,False,per_turn
Llama,7,U5,FIX,0.20468570734496933,0.08457593942845555,0.5285996214278472,72,False,per_turn
Llama,7,U5,RT,0.2351257696293036,0.046794120943615215,0.33424372102582295,72,False,per_turn
Llama,7,U5,TN,-0.013298748353096176,0.911716607675249,1.0,72,False,per_turn
Llama,7,U5,QOC,-0.04919104325684773,0.6815541259351623,0.9736487513359462,72,False,per_turn
Llama,7,U5,LM,0.07377250583456604,0.5379836355270975,0.8966393925451626,72,False,per_turn
Llama,7,U5,ME,,,1.0,72,False,per_turn
Llama,7,U5,EMP,0.1846602080995543,0.12045696585608356,0.6497941814097691,72,False,per_turn
Llama,8,U1,SEN,0.3854496446637727,0.0008269609140459866,0.01603804350288621,72,True,per_turn
Llama,8,U1,AUR,0.15329919079541557,0.19857028527030648,0.5277052199657473,72,False,per_turn
Llama,8,U1,TD,-0.22134072688189543,0.0616900830186149,0.251463022771153,72,False,per_turn
Llama,8,U1,FIX,0.1101688321812308,0.3569140005709468,0.6863730780210516,72,False,per_turn
Llama,8,U1,RT,0.14838668949859957,0.2135118428487816,0.5277052199657473,72,False,per_turn
Llama,8,U1,TN,-0.17078251276599332,0.1514761407905234,0.46394805508876474,72,False,per_turn
Llama,8,U1,QOC,-0.08188043533196013,0.49412144687223425,0.7825851435299508,72,False,per_turn
Llama,8,U1,LM,0.1347364747608375,0.2591415746959238,0.5387245182603638,72,False,per_turn
Llama,8,U1,ME,,,1.0,72,False,per_turn
Llama,8,U1,EMP,-0.061828402233531185,0.6058937795875987,0.8655625422679981,72,False,per_turn
Llama,8,U2,SEN,0.3210040120740267,0.0059721917594895415,0.060611794180191414,72,False,per_turn
Llama,8,U2,AUR,0.26736670501339294,0.023178376709260335,0.16555983363757382,72,False,per_turn
Llama,8,U2,TD,0.10560663625481538,0.37729498912849846,0.6919005876291816,72,False,per_turn
Llama,8,U2,FIX,0.21740319206634412,0.06658720878109822,0.251463022771153,72,False,per_turn
Llama,8,U2,RT,0.320467806563676,0.006061179418019141,0.060611794180191414,72,False,per_turn
Llama,8,U2,TN,0.13943492051730022,0.24274440118424373,0.5277052199657473,72,False,per_turn
Llama,8,U2,QOC,-0.016396291043713283,0.8912668466649982,1.0,72,False,per_turn
Llama,8,U2,LM,0.17397741162200603,0.14385557050986955,0.46394805508876474,72,False,per_turn
Llama,8,U2,ME,,,1.0,72,False,per_turn
Llama,8,U2,EMP,-0.07017099263243008,0.5580619303893125,0.8222147970914149,72,False,per_turn
Llama,8,U3,SEN,0.7390659560519331,1.2414138402881967e-13,6.2070692014409834e-12,72,True,per_turn
Llama,8,U3,AUR,0.1420370482454297,0.23397702620275448,0.5277052199657473,72,False,per_turn
Llama,8,U3,TD,-0.14071207304506322,0.238413445263374,0.5277052199657473,72,False,per_turn
Llama,8,U3,FIX,0.21448892506090628,0.07040964637592284,0.251463022771153,72,False,per_turn
Llama,8,U3,RT,0.23356197113330732,0.04831854385447845,0.24159271927239226,72,False,per_turn
Llama,8,U3,TN,0.22454435656953595,0.05792456006372708,0.251463022771153,72,False,per_turn
Llama,8,U3,QOC,-0.16824404674701443,0.15774233873018,0.46394805508876474,72,False,per_turn
Llama,8,U3,LM,0.13190921176136605,0.2693622591301819,0.5387245182603638,72,False,per_turn
Llama,8,U3,ME,,,1.0,72,False,per_turn
Llama,8,U3,EMP,0.10041928905068676,0.40130234082492533,0.6919005876291816,72,False,per_turn
Llama,8,U4,SEN,-0.055470019622522924,0.6435093406599954,0.8698947900313737,72,False,per_turn
Llama,8,U4,AUR,-0.05543449607125058,0.6437221446232165,0.8698947900313737,72,False,per_turn
Llama,8,U4,TD,0.1448713409442958,0.22467997804382736,0.5277052199657473,72,False,per_turn
Llama,8,U4,FIX,-0.036238595580058104,0.7624901884564234,0.9775515236620813,72,False,per_turn
Llama,8,U4,RT,-0.01582552454711733,0.8950300958596761,1.0,72,False,per_turn
Llama,8,U4,TN,0.0,1.0,1.0,72,False,per_turn
Llama,8,U4,QOC,0.08061258480669069,0.5008544918591685,0.7825851435299508,72,False,per_turn
Llama,8,U4,LM,0.011636931352938997,0.9227122955881392,1.0,72,False,per_turn
Llama,8,U4,ME,,,1.0,72,False,per_turn
Llama,8,U4,EMP,-0.06998542122237651,0.5591060620221621,0.8222147970914149,72,False,per_turn
Llama,8,U5,SEN,0.2516867118516596,0.032947918929910676,0.18304399405505933,72,False,per_turn
Llama,8,U5,AUR,0.25260969094636365,0.03229002293163372,0.18304399405505933,72,False,per_turn
Llama,8,U5,TD,0.09271028334753366,0.4385906780610107,0.7309844634350179,72,False,per_turn
Llama,8,U5,FIX,0.2870091095754416,0.014509475794103893,0.1209122982841991,72,False,per_turn
Llama,8,U5,RT,0.3809504977519135,0.0009622826101731727,0.01603804350288621,72,True,per_turn
Llama,8,U5,TN,0.10304019802329334,0.3890624212350763,0.6919005876291816,72,False,per_turn
Llama,8,U5,QOC,0.01047870293221114,0.930384585995271,1.0,72,False,per_turn
Llama,8,U5,LM,0.008678750928051234,0.9423200737347874,1.0,72,False,per_turn
Llama,8,U5,ME,,,1.0,72,False,per_turn
Llama,8,U5,EMP,0.04805804907832276,0.688507748573687,0.9059312481232724,72,False,per_turn
Llama,9,U1,SEN,0.36633227808507385,0.0015517650465234122,0.03879412616308531,72,True,per_turn
Llama,9,U1,AUR,0.24145496046830986,0.04102316615917896,0.2563947884948685,72,False,per_turn
Llama,9,U1,TD,-0.2556640200704145,0.03019090792882235,0.2563947884948685,72,False,per_turn
Llama,9,U1,FIX,0.24273659421968774,0.039929540466182356,0.2563947884948685,72,False,per_turn
Llama,9,U1,RT,0.1895359834384509,0.11079944842870927,0.403286696362296,72,False,per_turn
Llama,9,U1,TN,0.25000392873085814,0.03417629841638615,0.2563947884948685,72,False,per_turn
Llama,9,U1,QOC,-0.0986292898294003,0.4097902711340401,0.8620177360448553,72,False,per_turn
Llama,9,U1,LM,0.08239889953131185,0.4913818043824383,0.8620177360448553,72,False,per_turn
Llama,9,U1,ME,,,1.0,72,False,per_turn
Llama,9,U1,EMP,-0.041490575085427694,0.729307602030919,0.935009746193486,72,False,per_turn
Llama,9,U2,SEN,0.20252283461730483,0.08798637638499081,0.39351950706783695,72,False,per_turn
Llama,9,U2,AUR,0.18780873493359967,0.11414976000816986,0.403286696362296,72,False,per_turn
Llama,9,U2,TD,0.10428316862928097,0.38333620269186996,0.8620177360448553,72,False,per_turn
Llama,9,U2,FIX,0.20859019594002742,0.07868498032676696,0.3934249016338348,72,False,per_turn
Llama,9,U2,RT,0.2804079501073094,0.017043132793695265,0.21303915992119082,72,False,per_turn
Llama,9,U2,TN,-0.05640927889257989,0.6378931246731929,0.8620177360448553,72,False,per_turn
Llama,9,U2,QOC,0.08804124222975156,0.46208985646076806,0.8620177360448553,72,False,per_turn
Llama,9,U2,LM,0.07086360228921328,0.5541731245097183,0.8620177360448553,72,False,per_turn
Llama,9,U2,ME,,,1.0,72,False,per_turn
Llama,9,U2,EMP,0.11545327276975476,0.3341730446367278,0.7956501062779233,72,False,per_turn
Llama,9,U3,SEN,0.648025982709052,7.583763812894521e-10,3.79188190644726e-08,72,True,per_turn
Llama,9,U3,AUR,0.05926472756376028,0.6209447624709339,0.8620177360448553,72,False,per_turn
Llama,9,U3,TD,-0.003653351462661367,0.9757023737762105,1.0,72,False,per_turn
Llama,9,U3,FIX,0.08417526608158699,0.4820560560621493,0.8620177360448553,72,False,per_turn
Llama,9,U3,RT,0.1178816611050568,0.3240364845109217,0.7956501062779233,72,False,per_turn
Llama,9,U3,TN,0.15111025295655578,0.20513289867789308,0.5698136074385919,72,False,per_turn
Llama,9,U3,QOC,-0.07595545253127502,0.5259890041013413,0.8620177360448553,72,False,per_turn
Llama,9,U3,LM,-0.06154492532310607,0.6075501605670898,0.8620177360448553,72,False,per_turn
Llama,9,U3,ME,,,1.0,72,False,per_turn
Llama,9,U3,EMP,-0.012177838208871222,0.9191316078221151,1.0,72,False,per_turn
Llama,9,U4,SEN,-0.056961797141151044,0.6345988399923435,0.8620177360448553,72,False,per_turn
Llama,9,U4,AUR,0.15620476978750322,0.1900930311729317,0.5590971505086226,72,False,per_turn
Llama,9,U4,TD,0.032498493594324794,0.7863877595908297,0.959009462915646,72,False,per_turn
Llama,9,U4,FIX,0.1844019101280763,0.12098600890868881,0.403286696362296,72,False,per_turn
Llama,9,U4,RT,-0.02602956765683769,0.8281776137081437,0.9859257306049329,72,False,per_turn
Llama,9,U4,TN,0.07841199481616079,0.5126529061167194,0.8620177360448553,72,False,per_turn
Llama,9,U4,QOC,0.33783196234608814,0.0037045794300841505,0.06174299050140251,72,False,per_turn
Llama,9,U4,LM,-0.01983603851979929,0.8686410717759234,1.0,72,False,per_turn
Llama,9,U4,ME,,,1.0,72,False,per_turn
Llama,9,U4,EMP,-0.19860190529865152,0.09444468169628085,0.39351950706783695,72,False,per_turn
Llama,9,U5,SEN,0.23550926185983034,0.0464263931784527,0.2579244065469595,72,False,per_turn
Llama,9,U5,AUR,0.13265595408599748,0.26663682436022584,0.7016758535795417,72,False,per_turn
Llama,9,U5,TD,-0.04298060774633799,0.7199800505427087,0.935009746193486,72,False,per_turn
Llama,9,U5,FIX,0.06106756479091012,0.6103438776452459,0.8620177360448553,72,False,per_turn
Llama,9,U5,RT,0.07787204940235035,0.5155693085765675,0.8620177360448553,72,False,per_turn
Llama,9,U5,TN,-0.06452549258844234,0.5902344538223845,0.8620177360448553,72,False,per_turn
Llama,9,U5,QOC,-0.03291001848125053,0.7837481950763988,0.959009462915646,72,False,per_turn
Llama,9,U5,LM,-0.06838633897881728,0.5681416570270242,0.8620177360448553,72,False,per_turn
Llama,9,U5,ME,,,1.0,72,False,per_turn
Llama,9,U5,EMP,0.16025876538254652,0.17870554368652497,0.5584548240203905,72,False,per_turn
Llama,10,U1,SEN,0.4292908589845756,0.00018720360559804907,0.004680090139951227,71,True,per_turn
Llama,10,U1,AUR,0.2295887999289922,0.054101337294674916,0.2705066864733746,71,False,per_turn
Llama,10,U1,TD,-0.2967266114581752,0.011979330777455936,0.1497416347181992,71,False,per_turn
Llama,10,U1,FIX,0.0590462846330399,0.6247505442871649,0.8303363922604095,71,False,per_turn
Llama,10,U1,RT,0.10857112788516884,0.3674467297529762,0.5972122074889257,71,False,per_turn
Llama,10,U1,TN,-0.12658383099513823,0.29283605533418194,0.5643040695349907,71,False,per_turn
Llama,10,U1,QOC,0.09834493281175938,0.4145339503046567,0.647709297351026,71,False,per_turn
Llama,10,U1,LM,0.0852338500044512,0.4797324860511235,0.7054889500751816,71,False,per_turn
Llama,10,U1,ME,-0.18902808640204774,0.1143872478365199,0.4085258851304282,71,False,per_turn
Llama,10,U1,EMP,-0.04643933394308842,0.7005584543841481,0.8303363922604095,71,False,per_turn
Llama,10,U2,SEN,0.18138034503632477,0.13007736123307506,0.4335912041102502,71,False,per_turn
Llama,10,U2,AUR,0.1177096530748052,0.3282533688029817,0.5861667300053245,71,False,per_turn
Llama,10,U2,TD,-0.15091570221324369,0.2090158212525968,0.46886390838319375,71,False,per_turn
Llama,10,U2,FIX,0.22421025738701467,0.06014854123669869,0.2734024601668122,71,False,per_turn
Llama,10,U2,RT,0.38046365211241295,0.001064273300720638,0.017737888345343965,71,True,per_turn
Llama,10,U2,TN,-0.15220305471521473,0.205112802245473,0.46886390838319375,71,False,per_turn
Llama,10,U2,QOC,0.1264273118212115,0.29343811615819515,0.5643040695349907,71,False,per_turn
Llama,10,U2,LM,0.13462009956300316,0.26301267789396876,0.5479430789457682,71,False,per_turn
Llama,10,U2,ME,-0.23098658852721676,0.05261380839278128,0.2705066864733746,71,False,per_turn
Llama,10,U2,EMP,0.0589137506019435,0.6255293336115608,0.8303363922604095,71,False,per_turn
Llama,10,U3,SEN,0.7080182351393368,5.0207676284356136e-12,2.510383814217807e-10,71,True,per_turn
Llama,10,U3,AUR,0.2665223274589786,0.024659122202916425,0.20549268502430354,71,False,per_turn
Llama,10,U3,TD,-0.17346029083508843,0.14799476165680997,0.4559794301057176,71,False,per_turn
Llama,10,U3,FIX,0.04424410319147724,0.7140892973439521,0.8303363922604095,71,False,per_turn
Llama,10,U3,RT,0.07857076602471999,0.5148491783655795,0.7354988262365422,71,False,per_turn
Llama,10,U3,TN,0.11822232582868777,0.32613623761252486,0.5861667300053245,71,False,per_turn
Llama,10,U3,QOC,-0.0014965791149018088,0.9901172012959145,0.9901172012959145,71,False,per_turn
Llama,10,U3,LM,0.012647152693682053,0.9166302093854589,0.9548231347765198,71,False,per_turn
Llama,10,U3,ME,-0.05172606001118717,0.6683583571310985,0.8303363922604095,71,False,per_turn
Llama,10,U3,EMP,-0.005241292362018745,0.9653983899598269,0.9851003979181907,71,False,per_turn
Llama,10,U4,SEN,-0.04686012975962777,0.6979752030891088,0.8303363922604095,71,False,per_turn
Llama,10,U4,AUR,-0.05169806214174152,0.668527385009229,0.8303363922604095,71,False,per_turn
Llama,10,U4,TD,0.0381327740064985,0.752211987074626,0.8547863489484387,71,False,per_turn
Llama,10,U4,FIX,0.14875725389352812,0.21567739785626913,0.46886390838319375,71,False,per_turn
Llama,10,U4,RT,0.16038901982729187,0.18150291070530483,0.46886390838319375,71,False,per_turn
Llama,10,U4,TN,-0.15142338393561663,0.20747038523396474,0.46886390838319375,71,False,per_turn
Llama,10,U4,QOC,0.08554041592533489,0.4781481360392251,0.7054889500751816,71,False,per_turn
Llama,10,U4,LM,-0.15118997208271268,0.20817990526768496,0.46886390838319375,71,False,per_turn
Llama,10,U4,ME,-0.02898550724637681,0.8103679123476196,0.9004087914973552,71,False,per_turn
Llama,10,U4,EMP,-0.10793622742048224,0.37027156864313393,0.5972122074889257,71,False,per_turn
Llama,10,U5,SEN,0.2578277189961541,0.029947933067438266,0.21391380762455905,71,False,per_turn
Llama,10,U5,AUR,0.20565605524060052,0.08532814042947587,0.35553391845614946,71,False,per_turn
Llama,10,U5,TD,0.04832390757180137,0.689015914774842,0.8303363922604095,71,False,per_turn
Llama,10,U5,FIX,0.2437303424951688,0.040534986507828816,0.2533436656739301,71,False,per_turn
Llama,10,U5,RT,0.20037088137730477,0.09385095571976881,0.3609652143068031,71,False,per_turn
Llama,10,U5,TN,-0.11240922169213914,0.35065109572431064,0.5972122074889257,71,False,per_turn
Llama,10,U5,QOC,0.17054563808725756,0.155033006235944,0.4559794301057176,71,False,per_turn
Llama,10,U5,LM,0.018275347345018036,0.8797626745831018,0.9359177389181934,71,False,per_turn
Llama,10,U5,ME,-0.26883820795525093,0.02339194881682309,0.20549268502430354,71,False,per_turn
Llama,10,U5,EMP,0.026054021351293262,0.8292411519079735,0.9013490781608408,71,False,per_turn
GPT,1,U1,SEN,0.4237997683186614,0.00020760563921206064,0.0034600939868676774,72,True,per_turn
GPT,1,U1,AUR,0.3693589116123232,0.0014081275492077668,0.01408127549207767,72,True,per_turn
GPT,1,U1,TD,-0.12079329048107135,0.31214399642965823,0.6548115728793957,72,False,per_turn
GPT,1,U1,FIX,0.023451489949704217,0.8449728176581293,0.9708080148145957,72,False,per_turn
GPT,1,U1,RT,0.1631068192409621,0.1710079310959289,0.5849297091886021,72,False,per_turn
GPT,1,U1,TN,0.13405299236851098,0.2615879588568939,0.6548115728793957,72,False,per_turn
GPT,1,U1,QOC,-0.11846826932022948,0.3216175694729564,0.6548115728793957,72,False,per_turn
GPT,1,U1,LM,0.21090108475414487,0.07535528894101196,0.3202421822811483,72,False,per_turn
GPT,1,U1,ME,-0.09830026980672735,0.41136172175395025,0.6932103458561075,72,False,per_turn
GPT,1,U1,EMP,0.3139898973114147,0.007232233211668166,0.05165880865477261,72,False,per_turn
GPT,1,U2,SEN,0.03216216305539244,0.7885468061493305,0.9452435315951462,72,False,per_turn
GPT,1,U2,AUR,0.20984820316572725,0.0768581237474756,0.3202421822811483,72,False,per_turn
GPT,1,U2,TD,-0.09310443154550722,0.43663819469463905,0.6932103458561075,72,False,per_turn
GPT,1,U2,FIX,0.04343584630696845,0.7171383146372063,0.9192792895902574,72,False,per_turn
GPT,1,U2,RT,0.14093551734469698,0.23766124240482697,0.6548115728793957,72,False,per_turn
GPT,1,U2,TN,-0.014382112050203495,0.9045571170731499,0.9713742389243286,72,False,per_turn
GPT,1,U2,QOC,-0.040517008885937025,0.7354234316722059,0.9192792895902574,72,False,per_turn
GPT,1,U2,LM,0.09557707218064831,0.4245018602054442,0.6932103458561075,72,False,per_turn
GPT,1,U2,ME,-0.32379998902369705,0.005526582763570815,0.04605485636309012,72,True,per_turn
GPT,1,U2,EMP,-0.022022711780830716,0.8543110530368442,0.9708080148145957,72,False,per_turn
GPT,1,U3,SEN,0.7507571935295483,3.1080344349264777e-14,1.5540172174632389e-12,72,True,per_turn
GPT,1,U3,AUR,0.161441470559115,0.17547891275658062,0.5849297091886021,72,False,per_turn
GPT,1,U3,TD,0.003590554901245768,0.9761198966098252,0.9761198966098251,72,False,per_turn
GPT,1,U3,FIX,0.3699356632130931,0.0013821575537442921,0.01408127549207767,72,True,per_turn
GPT,1,U3,RT,0.2735270070461544,0.020079467284660975,0.11155259602589432,72,False,per_turn
GPT,1,U3,TN,0.13939418939809026,0.24288340933002087,0.6548115728793957,72,False,per_turn
GPT,1,U3,QOC,0.05753151714317877,0.6312093926388982,0.8529856657282407,72,False,per_turn
GPT,1,U3,LM,0.09169259374229848,0.4436546213479088,0.6932103458561075,72,False,per_turn
GPT,1,U3,ME,0.015052555193591227,0.9001302057003336,0.9713742389243286,72,False,per_turn
GPT,1,U3,EMP,0.2910611605664407,0.013120924420729105,0.08200577762955691,72,False,per_turn
GPT,1,U4,SEN,-0.11396057645963793,0.34050201789728574,0.6548115728793957,72,False,per_turn
GPT,1,U4,AUR,-0.031313064388220874,0.7940045665399228,0.9452435315951462,72,False,per_turn
GPT,1,U4,TD,0.0037546191162018223,0.9750290774679182,0.9761198966098251,72,False,per_turn
GPT,1,U4,FIX,-0.00663152975069325,0.9559104781198269,0.9761198966098251,72,False,per_turn
GPT,1,U4,RT,0.07337172072677801,0.5402003315184198,0.7717147593120284,72,False,per_turn
GPT,1,U4,TN,-0.13209823216129354,0.26867061742909015,0.6548115728793957,72,False,per_turn
GPT,1,U4,QOC,-0.22532774630884425,0.05703279516801044,0.2851639758400522,72,False,per_turn
GPT,1,U4,LM,-0.11745585266511452,0.3257995744441122,0.6548115728793957,72,False,per_turn
GPT,1,U4,ME,-0.1239553015137613,0.2995518116063346,0.6548115728793957,72,False,per_turn
GPT,1,U4,EMP,0.013090782727599752,0.9130917845888689,0.9713742389243286,72,False,per_turn
GPT,1,U5,SEN,0.1857286976200906,0.11828730293269787,0.45495116512576106,72,False,per_turn
GPT,1,U5,AUR,0.13662385379422481,0.2524668099126531,0.6548115728793957,72,False,per_turn
GPT,1,U5,TD,0.08403616483066847,0.48278290895884046,0.7314892559982431,72,False,per_turn
GPT,1,U5,FIX,0.07003692445315697,0.558816182168826,0.7761335863455917,72,False,per_turn
GPT,1,U5,RT,0.09518144126262226,0.4264306463659384,0.6932103458561075,72,False,per_turn
GPT,1,U5,TN,0.08054769591103035,0.501200365739487,0.7370593613815986,72,False,per_turn
GPT,1,U5,QOC,0.10409699547028066,0.3841906498762603,0.6932103458561075,72,False,per_turn
GPT,1,U5,LM,0.0519338435272989,0.6648306707392369,0.874777198341101,72,False,per_turn
GPT,1,U5,ME,-0.4724569359885557,2.7863460967324567e-05,0.0006965865241831141,72,True,per_turn
GPT,1,U5,EMP,0.1156749955661986,0.33323932036659354,0.6548115728793957,72,False,per_turn
GPT,2,U1,SEN,0.4594720880380312,4.907282785010684e-05,0.0008178804641684473,72,True,per_turn
GPT,2,U1,AUR,0.3289099270757904,0.004787504156384152,0.0598438019548019,72,False,per_turn
GPT,2,U1,TD,0.07819703582605131,0.5138129534437477,0.8028327397558557,72,False,per_turn
GPT,2,U1,FIX,0.14720457802614825,0.21722275215391096,0.6510874690897216,72,False,per_turn
GPT,2,U1,RT,0.1641627637071519,0.168216604685287,0.6510874690897216,72,False,per_turn
GPT,2,U1,TN,0.26330863711646263,0.025434421167091065,0.21195350972575888,72,False,per_turn
GPT,2,U1,QOC,-0.016693137723474014,0.8893105813553493,0.9263651889118223,72,False,per_turn
GPT,2,U1,LM,0.13362456117584218,0.26312937769912825,0.6578234442478206,72,False,per_turn
GPT,2,U1,ME,-0.08017837257372733,0.5031713055157154,0.8028327397558557,72,False,per_turn
GPT,2,U1,EMP,0.4662415078608189,3.663820574332494e-05,0.0008178804641684473,72,True,per_turn
GPT,2,U2,SEN,0.08283278159534258,0.48909525527268305,0.8028327397558557,72,False,per_turn
GPT,2,U2,AUR,-0.020566983169411978,0.8638460047842265,0.9263651889118223,72,False,per_turn
GPT,2,U2,TD,0.12941174814013645,0.27861294651144275,0.6633641583605779,72,False,per_turn
GPT,2,U2,FIX,-0.03807760022181399,0.7508189956971878,0.8868874460243905,72,False,per_turn
GPT,2,U2,RT,-0.05187964627490612,0.6651595810137442,0.8752099750180845,72,False,per_turn
GPT,2,U2,TN,-0.15107208028859329,0.20524869557175424,0.6510874690897216,72,False,per_turn
GPT,2,U2,QOC,-0.06581218583180373,0.582828735921173,0.8571010822370191,72,False,per_turn
GPT,2,U2,LM,0.15144583109215135,0.20411692079733237,0.6510874690897216,72,False,per_turn
GPT,2,U2,ME,-0.06191664880784748,0.6053785508638255,0.8594966421524559,72,False,per_turn
GPT,2,U2,EMP,-0.027788462350456244,0.8167625477854165,0.9263651889118223,72,False,per_turn
GPT,2,U3,SEN,0.7790174143548603,7.785846564846487e-16,3.8929232824232435e-14,72,True,per_turn
GPT,2,U3,AUR,0.21330215463553162,0.07201585633696726,0.42267985118854506,72,False,per_turn
GPT,2,U3,TD,-0.09632589825881824,0.4208648624121245,0.8028327397558557,72,False,per_turn
GPT,2,U3,FIX,0.2103896193683898,0.07608237321393811,0.42267985118854506,72,False,per_turn
GPT,2,U3,RT,0.21610541603474967,0.06826823161001523,0.42267985118854506,72,False,per_turn
GPT,2,U3,TN,0.12132047544861511,0.31002120492659757,0.6800525067189871,72,False,per_turn
GPT,2,U3,QOC,0.16840826742715193,0.15733123746740246,0.6510874690897216,72,False,per_turn
GPT,2,U3,LM,0.09704324450649733,0.41739760431764394,0.8028327397558557,72,False,per_turn
GPT,2,U3,ME,-0.039528470752104736,0.741650146548192,0.8868874460243905,72,False,per_turn
GPT,2,U3,EMP,0.2922794631509832,0.012726589112103958,0.1272658911210396,72,False,per_turn
GPT,2,U4,SEN,-0.07959171834405435,0.5063102743022203,0.8028327397558557,72,False,per_turn
GPT,2,U4,AUR,-0.08695830499875655,0.46763680275246144,0.8028327397558557,72,False,per_turn
GPT,2,U4,TD,0.13807556638540902,0.2474132382540942,0.6510874690897216,72,False,per_turn
GPT,2,U4,FIX,-0.19035440822238608,0.1092387304988234,0.546193652494117,72,False,per_turn
GPT,2,U4,RT,-0.04306619443045421,0.7194455023486346,0.8868874460243905,72,False,per_turn
GPT,2,U4,TN,-0.13981826804906666,0.2414387847159602,0.6510874690897216,72,False,per_turn
GPT,2,U4,QOC,0.16045433105587675,0.1781690469543817,0.6510874690897216,72,False,per_turn
GPT,2,U4,LM,0.06657111652201135,0.5784806040151285,0.8571010822370191,72,False,per_turn
GPT,2,U4,ME,-0.10846522890932808,0.3644438449044942,0.7592580102176963,72,False,per_turn
GPT,2,U4,EMP,-0.02263732908233804,0.8502914996242399,0.9263651889118223,72,False,per_turn
GPT,2,U5,SEN,0.14455555279685642,0.2257028482538232,0.6510874690897216,72,False,per_turn
GPT,2,U5,AUR,0.01695538255476875,0.8875828956473204,0.9263651889118223,72,False,per_turn
GPT,2,U5,TD,0.009413816872911923,0.9374441680769754,0.9565756817111993,72,False,per_turn
GPT,2,U5,FIX,0.03778848448461005,0.7526502445815237,0.8868874460243905,72,False,per_turn
GPT,2,U5,RT,0.054461342861009523,0.6495628902495116,0.8752099750180845,72,False,per_turn
GPT,2,U5,TN,-0.08526190040309606,0.47639810226610857,0.8028327397558557,72,False,per_turn
GPT,2,U5,QOC,-0.03620196612910618,0.7627232035809759,0.8868874460243905,72,False,per_turn
GPT,2,U5,LM,0.12062486624719468,0.3128241530907341,0.6800525067189871,72,False,per_turn
GPT,2,U5,ME,0.0032218973970892122,0.9785711582676886,0.9785711582676886,72,False,per_turn
GPT,2,U5,EMP,0.0596220267493476,0.6188375823497683,0.8594966421524559,72,False,per_turn
GPT,3,U1,SEN,0.36740471675703457,0.0014994257292318483,0.024990428820530805,72,True,per_turn
GPT,3,U1,AUR,0.13943016479622602,0.24276062880124574,0.506496915880038,72,False,per_turn
GPT,3,U1,TD,-0.06831537720928904,0.568544203869769,0.7802526982444453,72,False,per_turn
GPT,3,U1,FIX,0.2743352573617658,0.01970041788516085,0.14608124955620758,72,False,per_turn
GPT,3,U1,RT,0.3213654326027623,0.005912862733167685,0.059128627331676856,72,False,per_turn
GPT,3,U1,TN,0.1529078960089392,0.19973225662332902,0.4993306415583225,72,False,per_turn
GPT,3,U1,QOC,-0.006345571048495209,0.9578098920481969,0.9773570327022417,72,False,per_turn
GPT,3,U1,LM,0.2417012033167766,0.040811140225696096,0.20405570112848048,72,False,per_turn
GPT,3,U1,ME,-0.09231861823449955,0.4405357146185811,0.7332574210624038,72,False,per_turn
GPT,3,U1,EMP,0.35452736872125096,0.002246678873559972,0.02808348591949965,72,True,per_turn
GPT,3,U2,SEN,-0.052354182242315146,0.6622818819083407,0.8060360887309516,72,False,per_turn
GPT,3,U2,AUR,-0.11209125627785783,0.3485330652819951,0.645431602374065,72,False,per_turn
GPT,3,U2,TD,0.18228332839687586,0.12539261505531843,0.4002210146516687,72,False,per_turn
GPT,3,U2,FIX,0.049923899679851315,0.6770703145339994,0.8060360887309516,72,False,per_turn
GPT,3,U2,RT,0.08542816282171632,0.47553554835327094,0.7332574210624038,72,False,per_turn
GPT,3,U2,TN,0.011633437055845738,0.9227354321481741,0.9773570327022417,72,False,per_turn
GPT,3,U2,QOC,0.20088272922327474,0.09064412100694048,0.4002210146516687,72,False,per_turn
GPT,3,U2,LM,0.14161557449553902,0.23538199571437515,0.506496915880038,72,False,per_turn
GPT,3,U2,ME,0.06676240840292497,0.5773869967008896,0.7802526982444453,72,False,per_turn
GPT,3,U2,EMP,0.05238035373223289,0.6621233131540136,0.8060360887309516,72,False,per_turn
GPT,3,U3,SEN,0.9060328484045486,7.5529234978322415e-28,3.776461748916121e-26,72,True,per_turn
GPT,3,U3,AUR,0.11452053361849919,0.3381190705317537,0.645431602374065,72,False,per_turn
GPT,3,U3,TD,-0.02322817788946198,0.8464309745554449,0.9200336679950488,72,False,per_turn
GPT,3,U3,FIX,0.1738817165201087,0.14407956527460072,0.4002210146516687,72,False,per_turn
GPT,3,U3,RT,0.18558870863155166,0.11856984374369998,0.4002210146516687,72,False,per_turn
GPT,3,U3,TN,0.2470340826274354,0.036437598115411134,0.20243110064117295,72,False,per_turn
GPT,3,U3,QOC,0.18348551566518628,0.12287731466546005,0.4002210146516687,72,False,per_turn
GPT,3,U3,LM,0.02374750782203709,0.8430407163637984,0.9200336679950488,72,False,per_turn
GPT,3,U3,ME,-0.09658342616078197,0.4196182148598725,0.7332574210624038,72,False,per_turn
GPT,3,U3,EMP,0.2727465487035384,0.020451374937869058,0.14608124955620758,72,False,per_turn
GPT,3,U4,SEN,0.1462544848254261,0.22023802776283485,0.506496915880038,72,False,per_turn
GPT,3,U4,AUR,-0.08695830499875655,0.46763680275246144,0.7332574210624038,72,False,per_turn
GPT,3,U4,TD,0.43624696982915667,0.0001277920913773872,0.0031948022844346803,72,True,per_turn
GPT,3,U4,FIX,0.07814524912059365,0.5140926251090846,0.7560185663368891,72,False,per_turn
GPT,3,U4,RT,0.030446724842864755,0.7995833337847247,0.908617424755369,72,False,per_turn
GPT,3,U4,TN,-0.16449249111613745,0.16735188439122958,0.4403996957663936,72,False,per_turn
GPT,3,U4,QOC,-0.17796152397250667,0.1347600009269698,0.4002210146516687,72,False,per_turn
GPT,3,U4,LM,-0.17569715607659736,0.139874546044944,0.4002210146516687,72,False,per_turn
GPT,3,U4,ME,-0.08574929257125441,0.47387193257391025,0.7332574210624038,72,False,per_turn
GPT,3,U4,EMP,0.0066525143286477574,0.9557711024773077,0.9773570327022417,72,False,per_turn
GPT,3,U5,SEN,0.18651673063729293,0.11670643967002152,0.4002210146516687,72,False,per_turn
GPT,3,U5,AUR,-0.05371868029231426,0.6540345051217784,0.8060360887309516,72,False,per_turn
GPT,3,U5,TD,0.2518707195557186,0.03281587046411673,0.20243110064117295,72,False,per_turn
GPT,3,U5,FIX,0.04301554934727194,0.7197617998172621,0.8369323253689094,72,False,per_turn
GPT,3,U5,RT,0.1393253356290943,0.24311851962241823,0.506496915880038,72,False,per_turn
GPT,3,U5,TN,-0.08381306525628364,0.4839498979011865,0.7332574210624038,72,False,per_turn
GPT,3,U5,QOC,0.12132010386983995,0.31002269785320463,0.6200453957064093,72,False,per_turn
GPT,3,U5,LM,-0.002365126801954013,0.9842686867173078,0.9842686867173078,72,False,per_turn
GPT,3,U5,ME,-0.07244777137679798,0.5453275587364869,0.7790393696235527,72,False,per_turn
GPT,3,U5,EMP,0.05376657755667644,0.6537457439150314,0.8060360887309516,72,False,per_turn
GPT,4,U1,SEN,0.3678177662295254,0.0014796954277044615,0.03699238569261154,72,True,per_turn
GPT,4,U1,AUR,0.07556007999124292,0.5281514968848674,0.7626230259159964,72,False,per_turn
GPT,4,U1,TD,-0.017673488277852353,0.8828546668191072,0.900872108999089,72,False,per_turn
GPT,4,U1,FIX,0.1711824356314207,0.15050609071188062,0.4426649726820018,72,False,per_turn
GPT,4,U1,RT,0.0247292159048386,0.836639805876101,0.8900423466767031,72,False,per_turn
GPT,4,U1,TN,0.11524938537681138,0.33503311518968015,0.6979856566451671,72,False,per_turn
GPT,4,U1,QOC,-0.04402816794423255,0.7134465973480866,0.8493411873191506,72,False,per_turn
GPT,4,U1,LM,0.18472998096092477,0.12031436222867216,0.3759823819646005,72,False,per_turn
GPT,4,U1,ME,0.2197774049540517,0.06359827636999539,0.28823892929128014,72,False,per_turn
GPT,4,U1,EMP,0.2910600016453975,0.013121304511483509,0.10934420426236258,72,False,per_turn
GPT,4,U2,SEN,0.154817584097682,0.19410713083174813,0.4861671658729671,72,False,per_turn
GPT,4,U2,AUR,0.025742936003548662,0.8300412627997812,0.8900423466767031,72,False,per_turn
GPT,4,U2,TD,0.11881214568199044,0.3202049512118439,0.6960977200257475,72,False,per_turn
GPT,4,U2,FIX,-0.1055182113635734,0.3776968215719102,0.7218958491193075,72,False,per_turn
GPT,4,U2,RT,0.034976542448288565,0.7705306361823845,0.8561451513137606,72,False,per_turn
GPT,4,U2,TN,-0.06946316153112897,0.5620495663429997,0.7719450954104818,72,False,per_turn
GPT,4,U2,QOC,-0.03568319860856576,0.7660255487704315,0.8561451513137606,72,False,per_turn
GPT,4,U2,LM,0.05426519188004344,0.6507427352676167,0.8134284190845209,72,False,per_turn
GPT,4,U2,ME,-0.08367248752248896,0.48468599979577054,0.7573218746808915,72,False,per_turn
GPT,4,U2,EMP,0.08026440175788332,0.5027118425090522,0.7616846098622003,72,False,per_turn
GPT,4,U3,SEN,0.5847351773491256,6.915230760314102e-08,3.457615380157051e-06,72,True,per_turn
GPT,4,U3,AUR,0.09310927937863701,0.43661421062914385,0.7218958491193075,72,False,per_turn
GPT,4,U3,TD,0.13263952726932274,0.2666965779931918,0.6061285863481631,72,False,per_turn
GPT,4,U3,FIX,0.3111477358262923,0.007805819966020226,0.09757274957525282,72,False,per_turn
GPT,4,U3,RT,0.2154142474772763,0.06917734302990723,0.28823892929128014,72,False,per_turn
GPT,4,U3,TN,0.09213166547046366,0.4414658385544524,0.7218958491193075,72,False,per_turn
GPT,4,U3,QOC,0.06268977416790583,0.6008728865116616,0.7809176349355627,72,False,per_turn
GPT,4,U3,LM,0.07452457571976188,0.5338361181411975,0.7626230259159964,72,False,per_turn
GPT,4,U3,ME,0.037986858819879316,0.7513936012129482,0.8561451513137606,72,False,per_turn
GPT,4,U3,EMP,0.31702602580977074,0.006660699934545698,0.09757274957525282,72,False,per_turn
GPT,4,U4,SEN,-0.09894548898363074,0.408283350959328,0.7218958491193075,72,False,per_turn
GPT,4,U4,AUR,-0.061277295801246266,0.6091157552497388,0.7809176349355627,72,False,per_turn
GPT,4,U4,TD,-0.021161947784524245,0.8599465905821627,0.8957776985230862,72,False,per_turn
GPT,4,U4,FIX,-0.15469427762276985,0.19446686634918683,0.4861671658729671,72,False,per_turn
GPT,4,U4,RT,-0.16178658896351314,0.17454543226485883,0.48484842295794117,72,False,per_turn
GPT,4,U4,TN,-0.011024346592560588,0.9267693233612264,0.9267693233612264,72,False,per_turn
GPT,4,U4,QOC,-0.20297827255943823,0.08725936585734377,0.3294025031772863,72,False,per_turn
GPT,4,U4,LM,-0.19344130113487756,0.10350472222792041,0.3450157407597347,72,False,per_turn
GPT,4,U4,ME,-0.09090909090909091,0.44757542645397064,0.7218958491193075,72,False,per_turn
GPT,4,U4,EMP,-0.2334454897642401,0.048433706606157166,0.26613605235473614,72,False,per_turn
GPT,4,U5,SEN,0.23127942364168708,0.05061666434129109,0.26613605235473614,72,False,per_turn
GPT,4,U5,AUR,-0.06784087106146205,0.5712393706037566,0.7719450954104818,72,False,per_turn
GPT,4,U5,TD,0.1999204074765622,0.09223270088964017,0.3294025031772863,72,False,per_turn
GPT,4,U5,FIX,0.23324960900103436,0.048627878393259216,0.26613605235473614,72,False,per_turn
GPT,4,U5,RT,0.04729311835105087,0.6932170750668247,0.8453866769107619,72,False,per_turn
GPT,4,U5,TN,0.2287873963844727,0.05322721047094722,0.26613605235473614,72,False,per_turn
GPT,4,U5,QOC,0.09558479295262805,0.42446426947550087,0.7218958491193075,72,False,per_turn
GPT,4,U5,LM,0.29158444338026757,0.012950273776693876,0.10934420426236258,72,False,per_turn
GPT,4,U5,ME,-0.10182042624344678,0.39473098589740596,0.7218958491193075,72,False,per_turn
GPT,4,U5,EMP,0.14770545777336044,0.2156448765848227,0.513440182344816,72,False,per_turn
GPT,5,U1,SEN,0.3443260741966201,0.003059384177017733,0.06755571753775662,72,False,per_turn
GPT,5,U1,AUR,0.17662404493565712,0.13776358970134747,0.3826766380592985,72,False,per_turn
GPT,5,U1,TD,-0.011432506767332712,0.9240659456664431,0.941492519435954,72,False,per_turn
GPT,5,U1,FIX,0.2763787555560483,0.01876923183611036,0.09336318448699708,72,False,per_turn
GPT,5,U1,RT,0.2964915646481665,0.011441239795419321,0.09336318448699708,72,False,per_turn
GPT,5,U1,TN,0.0699959022175034,0.55904706519013,0.7960104609228333,72,False,per_turn
GPT,5,U1,QOC,0.03777312859571942,0.7527475464405422,0.8885515933406375,72,False,per_turn
GPT,5,U1,LM,0.1596185603955136,0.18047004609013773,0.4283963545048609,72,False,per_turn
GPT,5,U1,ME,0.08022749472764486,0.5029089282830133,0.7734893374466918,72,False,per_turn
GPT,5,U1,EMP,0.32026514390305705,0.006095115975870376,0.06755571753775662,72,False,per_turn
GPT,5,U2,SEN,0.22448654290665743,0.05799081844510339,0.20711006587536926,72,False,per_turn
GPT,5,U2,AUR,-0.04181065553493227,0.7273005474467878,0.8885515933406375,72,False,per_turn
GPT,5,U2,TD,0.1427101840169467,0.23174522724434876,0.5037939722703234,72,False,per_turn
GPT,5,U2,FIX,-0.16619557764256093,0.16293745736689322,0.4283963545048609,72,False,per_turn
GPT,5,U2,RT,-0.1202190949513189,0.31446671971705453,0.6551389994105302,72,False,per_turn
GPT,5,U2,TN,-0.023785105292651085,0.8427953845000831,0.9364393161112033,72,False,per_turn
GPT,5,U2,QOC,-0.08572273241144117,0.4740094088901492,0.764531304661531,72,False,per_turn
GPT,5,U2,LM,0.3234013311761149,0.005588268531244294,0.06755571753775662,72,False,per_turn
GPT,5,U2,ME,0.17907831085951753,0.13229018237274023,0.3826766380592985,72,False,per_turn
GPT,5,U2,EMP,0.28602245198523174,0.014866167974927846,0.09336318448699708,72,False,per_turn
GPT,5,U3,SEN,0.801783725737273,2.630032291239683e-17,1.3150161456198417e-15,72,True,per_turn
GPT,5,U3,AUR,0.11323959645618287,0.3435856736387849,0.6871713472775699,72,False,per_turn
GPT,5,U3,TD,0.03319442482899837,0.781925402139761,0.8885515933406375,72,False,per_turn
GPT,5,U3,FIX,0.2708333333333333,0.021388014937335796,0.09336318448699708,72,False,per_turn
GPT,5,U3,RT,0.2822593305283807,0.01629685646282159,0.09336318448699708,72,False,per_turn
GPT,5,U3,TN,0.08882347881956883,0.4581055973963174,0.7635093289938624,72,False,per_turn
GPT,5,U3,QOC,0.20446298207874114,0.0849222267673719,0.2653819586480372,72,False,per_turn
GPT,5,U3,LM,0.10223260251369136,0.3928100629512027,0.7014465409842906,72,False,per_turn
GPT,5,U3,ME,-0.10660035817780521,0.3727969340216174,0.6903646926326248,72,False,per_turn
GPT,5,U3,EMP,0.3165065738500901,0.006755571753775662,0.06755571753775662,72,False,per_turn
GPT,5,U4,SEN,-0.07881104062391003,0.5105029627148165,0.7734893374466918,72,False,per_turn
GPT,5,U4,AUR,-0.036780183733115875,0.7590473897033462,0.8885515933406375,72,False,per_turn
GPT,5,U4,TD,-0.10678365665943722,0.37197080342321176,0.6903646926326248,72,False,per_turn
GPT,5,U4,FIX,-0.06552975829106539,0.5844506442608313,0.7960104609228333,72,False,per_turn
GPT,5,U4,RT,0.011480515265124449,0.9237480255520741,0.941492519435954,72,False,per_turn
GPT,5,U4,TN,-0.015521549593647762,0.8970352506795677,0.941492519435954,72,False,per_turn
GPT,5,U4,QOC,0.03504199484869782,0.7701130418367255,0.8885515933406375,72,False,per_turn
GPT,5,U4,LM,-0.15676309893321694,0.1884943959821388,0.4283963545048609,72,False,per_turn
GPT,5,U4,ME,-0.06286946134619315,0.5998278218585121,0.7960104609228333,72,False,per_turn
GPT,5,U4,EMP,-0.06198699860863502,0.6049679503013533,0.7960104609228333,72,False,per_turn
GPT,5,U5,SEN,0.2648580734092407,0.0245520082519208,0.09443080096892616,72,False,per_turn
GPT,5,U5,AUR,0.03351054646179015,0.7799007169646868,0.8885515933406375,72,False,per_turn
GPT,5,U5,TD,0.06396433963573281,0.5934774583564635,0.7960104609228333,72,False,per_turn
GPT,5,U5,FIX,0.09176001544614822,0.4433181290044357,0.7635093289938624,72,False,per_turn
GPT,5,U5,RT,0.01142061349192804,0.9241447067149193,0.941492519435954,72,False,per_turn
GPT,5,U5,TN,0.16151462774139996,0.1752807326292221,0.4283963545048609,72,False,per_turn
GPT,5,U5,QOC,0.2688310253068063,0.022407164276879298,0.09336318448699708,72,False,per_turn
GPT,5,U5,LM,0.2152908560131059,0.06934066173795243,0.2311355391265081,72,False,per_turn
GPT,5,U5,ME,0.008803485461664304,0.941492519435954,0.941492519435954,72,False,per_turn
GPT,5,U5,EMP,0.2756202102641439,0.019110394695853388,0.09336318448699708,72,False,per_turn
GPT,6,U1,SEN,0.22510084901299118,0.05728992460895039,0.2348027328512136,72,False,per_turn
GPT,6,U1,AUR,0.32150488108989816,0.005890110854134032,0.05672484255314697,72,False,per_turn
GPT,6,U1,TD,-0.14436813162012982,0.22631146039839378,0.4714822091633204,72,False,per_turn
GPT,6,U1,FIX,0.22269741518652864,0.060071929535352724,0.2348027328512136,72,False,per_turn
GPT,6,U1,RT,0.2986613698626207,0.010824244727887556,0.06765152954929722,72,False,per_turn
GPT,6,U1,TN,0.16199693908297344,0.17397825676012546,0.41959629812275634,72,False,per_turn
GPT,6,U1,QOC,-0.22079560909865206,0.06235011907132954,0.2348027328512136,72,False,per_turn
GPT,6,U1,LM,0.2070788195963819,0.0809253027670643,0.25289157114707594,72,False,per_turn
GPT,6,U1,ME,-0.032514567079654284,0.7862846172408617,0.907857401363554,72,False,per_turn
GPT,6,U1,EMP,0.1660621882143527,0.16328007203631434,0.41959629812275634,72,False,per_turn
GPT,6,U2,SEN,-0.05918702228422991,0.6214034350167559,0.7981405346067445,72,False,per_turn
GPT,6,U2,AUR,-0.08422938455808533,0.48177342541567125,0.7084903314936343,72,False,per_turn
GPT,6,U2,TD,0.09665618114922056,0.41926640584279995,0.6572147972436921,72,False,per_turn
GPT,6,U2,FIX,-0.17872125362073174,0.13307606914499243,0.36965574762497894,72,False,per_turn
GPT,6,U2,RT,-0.04904083285704953,0.682474520110327,0.8124696667980084,72,False,per_turn
GPT,6,U2,TN,0.017144969282632982,0.88633421108997,0.9352911359922461,72,False,per_turn
GPT,6,U2,QOC,0.09637696873240245,0.42061747023596296,0.6572147972436921,72,False,per_turn
GPT,6,U2,LM,0.33221924132758057,0.0043568770638700875,0.05672484255314697,72,False,per_turn
GPT,6,U2,ME,-0.07151765192677781,0.5505127758698474,0.7805427968388774,72,False,per_turn
GPT,6,U2,EMP,0.10277217320206854,0.3903038215406478,0.6572147972436921,72,False,per_turn
GPT,6,U3,SEN,0.57953786404698,9.605715508630624e-08,4.802857754315312e-06,72,True,per_turn
GPT,6,U3,AUR,0.21025293993605254,0.07627761772822506,0.25289157114707594,72,False,per_turn
GPT,6,U3,TD,-0.16116459280507606,0.17623044521155765,0.41959629812275634,72,False,per_turn
GPT,6,U3,FIX,0.11936983810476687,0.3179224440966166,0.6113893155704164,72,False,per_turn
GPT,6,U3,RT,0.05720483681506297,0.6331519966493299,0.7981405346067445,72,False,per_turn
GPT,6,U3,TN,0.2686866453119394,0.02248222200291508,0.12490123334952823,72,False,per_turn
GPT,6,U3,QOC,0.29965967090575757,0.010550230142698498,0.06765152954929722,72,False,per_turn
GPT,6,U3,LM,0.3168996588954113,0.006683670863925616,0.05672484255314697,72,False,per_turn
GPT,6,U3,ME,-0.09894548898363074,0.408283350959328,0.6572147972436921,72,False,per_turn
GPT,6,U3,EMP,0.19968076595771792,0.092631678409583,0.2724461129693618,72,False,per_turn
GPT,6,U4,SEN,-0.055470019622522924,0.6435093406599954,0.7981405346067445,72,False,per_turn
GPT,6,U4,AUR,-0.12424167005819635,0.29842800610061887,0.5968560122012377,72,False,per_turn
GPT,6,U4,TD,0.31622776601683794,0.006806981106377636,0.05672484255314697,72,False,per_turn
GPT,6,U4,FIX,-0.030550504633038936,0.7989145131999276,0.907857401363554,72,False,per_turn
GPT,6,U4,RT,-0.02748832530976198,0.8187077904643578,0.9096753227381754,72,False,per_turn
GPT,6,U4,TN,-0.10041928905068677,0.40130234082492533,0.6572147972436921,72,False,per_turn
GPT,6,U4,QOC,-0.10690449676496974,0.3714267820941788,0.6572147972436921,72,False,per_turn
GPT,6,U4,LM,-0.14493130053458808,0.22448612944355062,0.4714822091633204,72,False,per_turn
GPT,6,U4,ME,-0.055470019622522924,0.6435093406599954,0.7981405346067445,72,False,per_turn
GPT,6,U4,EMP,0.0,1.0,1.0,72,False,per_turn
GPT,6,U5,SEN,0.02437319186098584,0.8389599458813567,0.9119129846536486,72,False,per_turn
GPT,6,U5,AUR,0.008573592824600587,0.9430177950995267,0.9622630562240068,72,False,per_turn
GPT,6,U5,TD,0.09141353418132363,0.44504888575958257,0.674316493575125,72,False,per_turn
GPT,6,U5,FIX,-0.06947357319805456,0.5619908137239917,0.7805427968388774,72,False,per_turn
GPT,6,U5,RT,0.0536455913878536,0.6544752383775305,0.7981405346067445,72,False,per_turn
GPT,6,U5,TN,0.14540155127420837,0.22296986924958842,0.4714822091633204,72,False,per_turn
GPT,6,U5,QOC,0.2281015393941119,0.0539646827266777,0.2348027328512136,72,False,per_turn
GPT,6,U5,LM,0.36974357149463083,0.0013907586746349735,0.034768966865874336,72,True,per_turn
GPT,6,U5,ME,-0.015393594859570004,0.8978794905525562,0.9352911359922461,72,False,per_turn
GPT,6,U5,EMP,0.21806352503133772,0.06574476519833981,0.2348027328512136,72,False,per_turn
GPT,7,U1,SEN,0.2872990791310776,0.01440606118150902,0.10290043701077871,72,False,per_turn
GPT,7,U1,AUR,0.1383004145568658,0.2466367590256642,0.4055736860094054,72,False,per_turn
GPT,7,U1,TD,0.0,1.0,1.0,72,False,per_turn
GPT,7,U1,FIX,0.2542406282128734,0.031154417511119085,0.14336519168725587,72,False,per_turn
GPT,7,U1,RT,0.26389020143440145,0.02510011995561883,0.13944511086454905,72,False,per_turn
GPT,7,U1,TN,-0.08964242926811168,0.45395462303339196,0.6304925319908221,72,False,per_turn
GPT,7,U1,QOC,0.05004277378354096,0.6763440602050566,0.8051715002441149,72,False,per_turn
GPT,7,U1,LM,0.3075637949230168,0.008585674142027523,0.07154728451689603,72,False,per_turn
GPT,7,U1,ME,0.19717349391709232,0.09688777120452297,0.271690382826032,72,False,per_turn
GPT,7,U1,EMP,0.1982238000701754,0.09508662398329965,0.271690382826032,72,False,per_turn
GPT,7,U2,SEN,0.18480591388386794,0.12015931547860911,0.30039828869652274,72,False,per_turn
GPT,7,U2,AUR,0.17871921354839904,0.13308056950187966,0.304173905035163,72,False,per_turn
GPT,7,U2,TD,0.00436208647601815,0.9709906026895787,0.991150456856715,72,False,per_turn
GPT,7,U2,FIX,0.010325655471743621,0.9313988857813031,0.990849878490748,72,False,per_turn
GPT,7,U2,RT,0.15565490410048738,0.19167696019821914,0.37818469564517315,72,False,per_turn
GPT,7,U2,TN,0.004311414273992597,0.9713274477195807,0.991150456856715,72,False,per_turn
GPT,7,U2,QOC,-0.05479840264620172,0.6475374893767074,0.7896798650935456,72,False,per_turn
GPT,7,U2,LM,0.040996463057265245,0.7324094781982868,0.8322834979525986,72,False,per_turn
GPT,7,U2,ME,-0.15394740173723562,0.19665604173549003,0.37818469564517315,72,False,per_turn
GPT,7,U2,EMP,0.13900468607478308,0.24421548115303005,0.4055736860094054,72,False,per_turn
GPT,7,U3,SEN,0.6681531047810607,1.4350003458731072e-10,7.175001729365536e-09,72,True,per_turn
GPT,7,U3,AUR,0.4091615406226872,0.000358806441381903,0.008970161034547576,72,True,per_turn
GPT,7,U3,TD,0.09107651110783742,0.4467360071023455,0.6304925319908221,72,False,per_turn
GPT,7,U3,FIX,0.18691595531313823,0.11591178091692599,0.30039828869652274,72,False,per_turn
GPT,7,U3,RT,0.2797572903026595,0.01731228446967574,0.10820177793547338,72,False,per_turn
GPT,7,U3,TN,0.1970811200324017,0.09704744959293711,0.271690382826032,72,False,per_turn
GPT,7,U3,QOC,0.16450458279011007,0.16732023582660285,0.348583824638756,72,False,per_turn
GPT,7,U3,LM,0.3137372468530317,0.007281678415971604,0.07154728451689603,72,False,per_turn
GPT,7,U3,ME,-0.01587301587301587,0.89471688075643,0.9806613037543912,72,False,per_turn
GPT,7,U3,EMP,0.3115265921885637,0.007727128359896317,0.07154728451689603,72,False,per_turn
GPT,7,U4,SEN,-0.09658342616078197,0.4196182148598725,0.6170856100880479,72,False,per_turn
GPT,7,U4,AUR,-0.05775788426914761,0.6298647603520477,0.7873309504400596,72,False,per_turn
GPT,7,U4,TD,0.2062574315493402,0.08216393239299592,0.271690382826032,72,False,per_turn
GPT,7,U4,FIX,0.22843532026556715,0.05360474711612163,0.2061721042927755,72,False,per_turn
GPT,7,U4,RT,0.08243479284508066,0.4911924345622488,0.6637735602192552,72,False,per_turn
GPT,7,U4,TN,0.06708079709951234,0.5755688977711986,0.7573274970673666,72,False,per_turn
GPT,7,U4,QOC,-0.16720034043510196,0.16037372430685187,0.348583824638756,72,False,per_turn
GPT,7,U4,LM,-0.11397800547025243,0.34042768884714814,0.515799528556285,72,False,per_turn
GPT,7,U4,ME,0.06195121541733005,0.6051767856417292,0.7758676738996528,72,False,per_turn
GPT,7,U4,EMP,-0.014737762597778526,0.90220839945404,0.9806613037543912,72,False,per_turn
GPT,7,U5,SEN,0.22859093072923972,0.05343761473157472,0.2061721042927755,72,False,per_turn
GPT,7,U5,AUR,0.17837727069455422,0.1338365182154717,0.304173905035163,72,False,per_turn
GPT,7,U5,TD,0.13338419171136986,0.26399686462173405,0.41249510097145947,72,False,per_turn
GPT,7,U5,FIX,0.13691271493283366,0.25145568532583135,0.4055736860094054,72,False,per_turn
GPT,7,U5,RT,0.2536808553415142,0.03154034217119629,0.14336519168725587,72,False,per_turn
GPT,7,U5,TN,0.1424448530980556,0.2326231663042444,0.4055736860094054,72,False,per_turn
GPT,7,U5,QOC,0.04614478103633946,0.7003086346466918,0.8143123658682463,72,False,per_turn
GPT,7,U5,LM,0.1400602769917142,0.24061703824751643,0.4055736860094054,72,False,per_turn
GPT,7,U5,ME,-0.19664245741843342,0.0978085378173715,0.271690382826032,72,False,per_turn
GPT,7,U5,EMP,0.3301856550384056,0.004617228542483745,0.07154728451689603,72,False,per_turn
GPT,8,U1,SEN,0.38138503569823695,0.0009483886244461188,0.014762837279243383,72,True,per_turn
GPT,8,U1,AUR,0.39086126999819437,0.0006871913524497746,0.014762837279243383,72,True,per_turn
GPT,8,U1,TD,-0.07202120889413945,0.5477026071331094,0.6846282589163868,72,False,per_turn
GPT,8,U1,FIX,0.13300932605077292,0.2653535922958378,0.47384570052828184,72,False,per_turn
GPT,8,U1,RT,0.1954743351701591,0.09985801661727053,0.3328600553909018,72,False,per_turn
GPT,8,U1,TN,-0.17470388541917464,0.14216361600463498,0.35540904001158746,72,False,per_turn
GPT,8,U1,QOC,0.007576627302822694,0.9496346882123023,0.9496346882123023,72,False,per_turn
GPT,8,U1,LM,0.22769067941209922,0.05441044455862563,0.22671018566094012,72,False,per_turn
GPT,8,U1,ME,0.01328031788149326,0.9118384691556027,0.9496346882123023,72,False,per_turn
GPT,8,U1,EMP,0.272049421971653,0.02078852715800517,0.1299282947375323,72,False,per_turn
GPT,8,U2,SEN,0.17539077138603534,0.14057765417602072,0.35540904001158746,72,False,per_turn
GPT,8,U2,AUR,0.2133767354057187,0.07191405946227171,0.2568359266509704,72,False,per_turn
GPT,8,U2,TD,0.17944595759225243,0.13148466850036608,0.35540904001158746,72,False,per_turn
GPT,8,U2,FIX,-0.11880108204500307,0.32025033791457996,0.5165328030880322,72,False,per_turn
GPT,8,U2,RT,-0.14777973041318243,0.21541159171841948,0.4487741494133739,72,False,per_turn
GPT,8,U2,TN,0.05355153153697258,0.6550426019188716,0.7798126213319901,72,False,per_turn
GPT,8,U2,QOC,-0.09803994282513094,0.4126075596884683,0.582511638817528,72,False,per_turn
GPT,8,U2,LM,0.11588861795844871,0.33234126852311996,0.5192832320673749,72,False,per_turn
GPT,8,U2,ME,-0.0402804215342995,0.7369121443780116,0.8040037153093291,72,False,per_turn
GPT,8,U2,EMP,0.1587010531582652,0.18302085992812786,0.3978714346263649,72,False,per_turn
GPT,8,U3,SEN,0.8043996665398437,1.7326778948971517e-17,8.663389474485759e-16,72,True,per_turn
GPT,8,U3,AUR,0.31816376849214745,0.006456988571140902,0.053808238092840854,72,False,per_turn
GPT,8,U3,TD,0.182709466467655,0.12449656604862998,0.35540904001158746,72,False,per_turn
GPT,8,U3,FIX,0.23407747981592,0.047811569461482364,0.21732531573401073,72,False,per_turn
GPT,8,U3,RT,0.18913810646317655,0.11156438688039952,0.3486387090012485,72,False,per_turn
GPT,8,U3,TN,0.27897679885367266,0.01763994598165145,0.12599961415465324,72,False,per_turn
GPT,8,U3,QOC,0.23534581892980863,0.04658282528865746,0.21732531573401073,72,False,per_turn
GPT,8,U3,LM,0.17032952867191264,0.15258051486391683,0.36328694015218294,72,False,per_turn
GPT,8,U3,ME,-0.09166984970282112,0.44376816587207624,0.5996867106379409,72,False,per_turn
GPT,8,U3,EMP,0.3747666007595922,0.0011810269823394706,0.014762837279243383,72,True,per_turn
GPT,8,U4,SEN,-0.050964719143762556,0.6707215316494678,0.7799087577319394,72,False,per_turn
GPT,8,U4,AUR,-0.10704618602100947,0.3707895134925634,0.5618022931705506,72,False,per_turn
GPT,8,U4,TD,0.12733608346500302,0.2864603606382877,0.4774339343971462,72,False,per_turn
GPT,8,U4,FIX,-0.1609315565666532,0.17686479534722344,0.3978714346263649,72,False,per_turn
GPT,8,U4,RT,-0.24009417304659061,0.042211392629501646,0.21732531573401073,72,False,per_turn
GPT,8,U4,TN,0.04747657364135199,0.6920865595344134,0.7864619994709244,72,False,per_turn
GPT,8,U4,QOC,-0.07897261407593906,0.5096337653675866,0.6533766222661368,72,False,per_turn
GPT,8,U4,LM,-0.1294997541905147,0.27828341795211736,0.4774339343971462,72,False,per_turn
GPT,8,U4,ME,-0.06388765649999399,0.5939212432445842,0.7242941990787611,72,False,per_turn
GPT,8,U4,EMP,-0.01801288663808855,0.8806213736289901,0.9368312485414788,72,False,per_turn
GPT,8,U5,SEN,0.21928367381790523,0.06421074174947793,0.24696439134414586,72,False,per_turn
GPT,8,U5,AUR,0.34962433394680464,0.0026093743494722418,0.026093743494722415,72,True,per_turn
GPT,8,U5,TD,0.13621794755832745,0.2538923166025511,0.47017095667139097,72,False,per_turn
GPT,8,U5,FIX,-0.09951032366919324,0.40559955168015127,0.582511638817528,72,False,per_turn
GPT,8,U5,RT,-0.009514059556076065,0.9367794030562667,0.9496346882123023,72,False,per_turn
GPT,8,U5,TN,0.1365667887919797,0.252666886752866,0.47017095667139097,72,False,per_turn
GPT,8,U5,QOC,0.0398404165127124,0.7396834180845827,0.8040037153093291,72,False,per_turn
GPT,8,U5,LM,0.07917017576317588,0.5085719973549361,0.6533766222661368,72,False,per_turn
GPT,8,U5,ME,-0.09662681632237269,0.4194083799486201,0.582511638817528,72,False,per_turn
GPT,8,U5,EMP,0.13887958182339555,0.2446443910719294,0.47017095667139097,72,False,per_turn
GPT,9,U1,SEN,0.4276252273366622,0.0001791999185778536,0.00447999796444634,72,True,per_turn
GPT,9,U1,AUR,0.2557148849403414,0.03015694584723517,0.18848091154521981,72,False,per_turn
GPT,9,U1,TD,-0.15759450377958137,0.1861318923496498,0.46532973087412455,72,False,per_turn
GPT,9,U1,FIX,0.22534972047251337,0.05700794309852937,0.2591270140842244,72,False,per_turn
GPT,9,U1,RT,0.29389805100341343,0.012218590716934201,0.13356633537390952,72,False,per_turn
GPT,9,U1,TN,0.17339373128142882,0.14522586864424877,0.4034051906784688,72,False,per_turn
GPT,9,U1,QOC,-0.03350987252035626,0.779905031854043,0.8464318960936708,72,False,per_turn
GPT,9,U1,LM,0.2715752177707761,0.021020566065480497,0.15014690046771784,72,False,per_turn
GPT,9,U1,ME,0.29034798163448017,0.013356633537390953,0.13356633537390952,72,False,per_turn
GPT,9,U1,EMP,0.24938817708247318,0.03463524352611111,0.19241801958950616,72,False,per_turn
GPT,9,U2,SEN,0.20252283461730483,0.08798637638499081,0.35063893003945223,72,False,per_turn
GPT,9,U2,AUR,0.059751456508409774,0.6180750219280571,0.8073038755455031,72,False,per_turn
GPT,9,U2,TD,0.07422623276096846,0.5354795280037092,0.7649707542910131,72,False,per_turn
GPT,9,U2,FIX,0.07461351651648908,0.5333466742405932,0.7649707542910131,72,False,per_turn
GPT,9,U2,RT,0.0842908900133099,0.4814523238002565,0.7522692559379007,72,False,per_turn
GPT,9,U2,TN,0.06357508727661074,0.59573169578928,0.8073038755455031,72,False,per_turn
GPT,9,U2,QOC,0.05508070309069294,0.6458431004364025,0.8073038755455031,72,False,per_turn
GPT,9,U2,LM,0.1742230084365355,0.14328189458902968,0.4034051906784688,72,False,per_turn
GPT,9,U2,ME,-0.06159603551107618,0.6072513731143414,0.8073038755455031,72,False,per_turn
GPT,9,U2,EMP,0.031058001022305628,0.7956459823280505,0.8464318960936708,72,False,per_turn
GPT,9,U3,SEN,0.8324444441914698,1.2778757229584526e-19,6.389378614792263e-18,72,True,per_turn
GPT,9,U3,AUR,0.3580757047902965,0.0020131008074822745,0.03355168012470457,72,True,per_turn
GPT,9,U3,TD,-0.03380757886760823,0.7779996236442105,0.8464318960936708,72,False,per_turn
GPT,9,U3,FIX,0.09171448562296654,0.44354534637186205,0.7153957199546163,72,False,per_turn
GPT,9,U3,RT,0.20056506124436194,0.09116612181025757,0.35063893003945223,72,False,per_turn
GPT,9,U3,TN,0.1634539954316794,0.17008647189749856,0.44759597867762774,72,False,per_turn
GPT,9,U3,QOC,0.10282387762569142,0.39006416096340024,0.6922769136499104,72,False,per_turn
GPT,9,U3,LM,0.1934744446760491,0.10344445265791172,0.3694444737782562,72,False,per_turn
GPT,9,U3,ME,0.01771924779845835,0.8825535086306839,0.9193265714902958,72,False,per_turn
GPT,9,U3,EMP,0.2771796619901699,0.018414686601694624,0.15014690046771784,72,False,per_turn
GPT,9,U4,SEN,-0.056961797141151044,0.6345988399923435,0.8073038755455031,72,False,per_turn
GPT,9,U4,AUR,-0.14478512671975205,0.22495891259970807,0.5356164585707335,72,False,per_turn
GPT,9,U4,TD,-0.09773929605781034,0.41404907344072717,0.6922769136499104,72,False,per_turn
GPT,9,U4,FIX,0.03444695183815713,0.7739118735943629,0.8464318960936708,72,False,per_turn
GPT,9,U4,RT,-0.1888861243029323,0.11205093966739758,0.3735031322246586,72,False,per_turn
GPT,9,U4,TN,0.13794451413636583,0.24786657904802137,0.5531140396165504,72,False,per_turn
GPT,9,U4,QOC,-0.0974651319944467,0.4153661481899462,0.6922769136499104,72,False,per_turn
GPT,9,U4,LM,-0.033172310439016,0.7820670939345062,0.8464318960936708,72,False,per_turn
GPT,9,U4,ME,-0.07881104062391003,0.5105029627148165,0.7649707542910131,72,False,per_turn
GPT,9,U4,EMP,-0.1801395214260801,0.1299752056535561,0.4034051906784688,72,False,per_turn
GPT,9,U5,SEN,0.23550926185983034,0.0464263931784527,0.2321319658922635,72,False,per_turn
GPT,9,U5,AUR,0.1146654328136203,0.3375041499471181,0.6490464422059964,72,False,per_turn
GPT,9,U5,TD,0.006233179932092783,0.9585564885533328,0.9585564885533328,72,False,per_turn
GPT,9,U5,FIX,0.13430083697024509,0.26069905179875374,0.5531140396165504,72,False,per_turn
GPT,9,U5,RT,0.03791596257051481,0.7518426343353837,0.8464318960936708,72,False,per_turn
GPT,9,U5,TN,0.12668721482506431,0.28894319606265917,0.5778863921253183,72,False,per_turn
GPT,9,U5,QOC,0.03140137088369416,0.7934364930428066,0.8464318960936708,72,False,per_turn
GPT,9,U5,LM,0.13297040129199383,0.26549473901594417,0.5531140396165504,72,False,per_turn
GPT,9,U5,ME,0.009051256444028407,0.9398488609652318,0.9585564885533328,72,False,per_turn
GPT,9,U5,EMP,0.11061524337289183,0.35495685504631813,0.6573275093450336,72,False,per_turn
GPT,10,U1,SEN,0.45688095227007286,6.200058518455484e-05,0.001550014629613871,71,True,per_turn
GPT,10,U1,AUR,0.3475042095324613,0.0029849726494265336,0.049749544157108895,71,True,per_turn
GPT,10,U1,TD,-0.13335247171015874,0.26757540438813276,0.4315732328840851,71,False,per_turn
GPT,10,U1,FIX,0.24398510380867341,0.04031923119439769,0.20159615597198846,71,False,per_turn
GPT,10,U1,RT,0.2607888858429218,0.02804871114656495,0.15582617303647195,71,False,per_turn
GPT,10,U1,TN,0.10694777605489385,0.3746956212929685,0.497718020078517,71,False,per_turn
GPT,10,U1,QOC,0.16447888704898198,0.17047502051093105,0.35497933024128364,71,False,per_turn
GPT,10,U1,LM,0.22715722980142594,0.056770711816549496,0.22625979121053658,71,False,per_turn
GPT,10,U1,ME,0.11414835764146662,0.3431999397756845,0.4902856282509779,71,False,per_turn
GPT,10,U1,EMP,0.18707703358883365,0.11824421917892043,0.29561054794730107,71,False,per_turn
GPT,10,U2,SEN,0.1985687217237336,0.09690508282833643,0.2691807856342679,71,False,per_turn
GPT,10,U2,AUR,0.20535508905508068,0.0857964377307672,0.2636588308138123,71,False,per_turn
GPT,10,U2,TD,0.2029302104521645,0.08964400247669618,0.2636588308138123,71,False,per_turn
GPT,10,U2,FIX,-0.08475762428999202,0.48219919169487324,0.6027489896185916,71,False,per_turn
GPT,10,U2,RT,0.11501092655705904,0.339541337234476,0.4902856282509779,71,False,per_turn
GPT,10,U2,TN,0.10615526079257397,0.3782656952596729,0.497718020078517,71,False,per_turn
GPT,10,U2,QOC,-0.023793249113427218,0.8438629778546568,0.8610846712802621,71,False,per_turn
GPT,10,U2,LM,0.06049338265541855,0.6162739924775358,0.7165976656715533,71,False,per_turn
GPT,10,U2,ME,-0.22153631985258057,0.06335274153895024,0.22625979121053658,71,False,per_turn
GPT,10,U2,EMP,0.23771839852492496,0.04591087685552727,0.20868580388876035,71,False,per_turn
GPT,10,U3,SEN,0.6924538013414809,2.2432552562502265e-11,1.1216276281251132e-09,71,True,per_turn
GPT,10,U3,AUR,0.28344809567187196,0.016605321786995933,0.11860944133568523,71,False,per_turn
GPT,10,U3,TD,-0.1299363091073008,0.28013529936690784,0.4377114052607935,71,False,per_turn
GPT,10,U3,FIX,0.26598282280414653,0.02496253230846479,0.15582617303647195,71,False,per_turn
GPT,10,U3,RT,0.3200060095589552,0.0065184629051330345,0.06518462905133035,71,False,per_turn
GPT,10,U3,TN,0.21511251874757345,0.07161596721591638,0.23871989071972127,71,False,per_turn
GPT,10,U3,QOC,0.22517773855403217,0.059022093034572974,0.22625979121053658,71,False,per_turn
GPT,10,U3,LM,0.15308071758420727,0.20248177137971538,0.36157459174949175,71,False,per_turn
GPT,10,U3,ME,0.03644177466735349,0.7628703242627852,0.8362493676836528,71,False,per_turn
GPT,10,U3,EMP,0.29045501444586386,0.014002448822331993,0.11668707351943326,71,False,per_turn
GPT,10,U4,SEN,-0.060668767359105334,0.6152500176304337,0.7165976656715533,71,False,per_turn
GPT,10,U4,AUR,0.02431141475614026,0.8405068363496793,0.8610846712802621,71,False,per_turn
GPT,10,U4,TD,0.1588622058049333,0.18574973823156032,0.35497933024128364,71,False,per_turn
GPT,10,U4,FIX,-0.03541726037743747,0.7693494182689605,0.8362493676836528,71,False,per_turn
GPT,10,U4,RT,0.1793203755891931,0.13457071955597052,0.30584254444538755,71,False,per_turn
GPT,10,U4,TN,-0.09272435878245508,0.44183384937373016,0.5664536530432438,71,False,per_turn
GPT,10,U4,QOC,0.18927280478647585,0.1139103886069008,0.29561054794730107,71,False,per_turn
GPT,10,U4,LM,-0.14081060938147386,0.24148719952981543,0.4163572405686473,71,False,per_turn
GPT,10,U4,ME,-0.06486581250966157,0.5909678755015304,0.7165976656715533,71,False,per_turn
GPT,10,U4,EMP,-0.02952409073039897,0.8069118071700556,0.8584168161383571,71,False,per_turn
GPT,10,U5,SEN,0.33380381110218055,0.0044433434336913664,0.05554179292114208,71,False,per_turn
GPT,10,U5,AUR,0.11008946040320568,0.3607447134152352,0.497718020078517,71,False,per_turn
GPT,10,U5,TD,0.17361242429015353,0.1476340617679241,0.3209436125389654,71,False,per_turn
GPT,10,U5,FIX,-0.052892810570497245,0.661329195998253,0.7515104499980148,71,False,per_turn
GPT,10,U5,RT,0.15802013860582464,0.18812246119939866,0.35497933024128364,71,False,per_turn
GPT,10,U5,TN,0.15676874619127518,0.19168883833029315,0.35497933024128364,71,False,per_turn
GPT,10,U5,QOC,0.004995330184380276,0.9670212394528959,0.9670212394528959,71,False,per_turn
GPT,10,U5,LM,0.12534251623862785,0.2976331621676348,0.4509593366176285,71,False,per_turn
GPT,10,U5,ME,-0.1359604753325934,0.2582455548385287,0.4304092580642145,71,False,per_turn
GPT,10,U5,EMP,0.18328648312894524,0.12602186231832818,0.3000520531388766,71,False,per_turn
Claude,1,U1,SEN,0.3398305845748215,0.0034941977472630653,0.034941977472630656,72,True,per_turn
Claude,1,U1,AUR,0.17741867352299542,0.13597305787335529,0.5939191514782616,72,False,per_turn
Claude,1,U1,TD,-0.04038974489884586,0.73622411276973,0.836913240283155,72,False,per_turn
Claude,1,U1,FIX,0.050800937206919125,0.6717190579557757,0.836913240283155,72,False,per_turn
Claude,1,U1,RT,0.06934305383967596,0.5627275390961135,0.836913240283155,72,False,per_turn
Claude,1,U1,TN,0.06523110381161856,0.5861679710282194,0.836913240283155,72,False,per_turn
Claude,1,U1,QOC,-0.07209170740574716,0.5473097350229714,0.836913240283155,72,False,per_turn
Claude,1,U1,LM,0.3253401796691381,0.005293874060477117,0.03781338614626512,72,True,per_turn
Claude,1,U1,ME,0.049887769143759954,0.6772911101756486,0.836913240283155,72,False,per_turn
Claude,1,U1,EMP,0.16958082433673033,0.154418979384348,0.5939191514782616,72,False,per_turn
Claude,1,U2,SEN,0.06943553093975861,0.5622054987384095,0.836913240283155,72,False,per_turn
Claude,1,U2,AUR,0.03494588690621334,0.7707262446921141,0.8563624941023491,72,False,per_turn
Claude,1,U2,TD,-0.06575169842255119,0.5831759265399611,0.836913240283155,72,False,per_turn
Claude,1,U2,FIX,0.294676456677018,0.01198060988312002,0.07487881176950012,72,False,per_turn
Claude,1,U2,RT,0.3572813463061316,0.002063409338107341,0.025792616726341765,72,True,per_turn
Claude,1,U2,TN,-0.32722198292497967,0.005021332607505602,0.03781338614626512,72,True,per_turn
Claude,1,U2,QOC,-0.044141607526742635,0.7127403166211135,0.836913240283155,72,False,per_turn
Claude,1,U2,LM,0.14447545958414598,0.2259627946403786,0.715318299649607,72,False,per_turn
Claude,1,U2,ME,-0.02215391404161141,0.8534526853109183,0.904634716999826,72,False,per_turn
Claude,1,U2,EMP,-0.15369622635929076,0.19739621705122398,0.7049864894686572,72,False,per_turn
Claude,1,U3,SEN,0.45538255553918716,5.8374568334292314e-05,0.0029187284167146157,72,True,per_turn
Claude,1,U3,AUR,-0.13452892254551366,0.2598828198346866,0.7349805622356788,72,False,per_turn
Claude,1,U3,TD,0.11341747472590362,0.3428232656545097,0.7349805622356788,72,False,per_turn
Claude,1,U3,FIX,-0.09040632899940267,0.4501014630604572,0.836913240283155,72,False,per_turn
Claude,1,U3,RT,-0.062217101683825514,0.6036257949048871,0.836913240283155,72,False,per_turn
Claude,1,U3,TN,0.07319128030596049,0.5411997838507767,0.836913240283155,72,False,per_turn
Claude,1,U3,QOC,0.0170099425667556,0.8872235161938539,0.904634716999826,72,False,per_turn
Claude,1,U3,LM,0.1157562254139464,0.332897656044999,0.7349805622356788,72,False,per_turn
Claude,1,U3,ME,-0.047662298352413084,0.6909427424303356,0.836913240283155,72,False,per_turn
Claude,1,U3,EMP,0.08223962896697552,0.4922225637268809,0.836913240283155,72,False,per_turn
Claude,1,U4,SEN,0.11111111111111109,0.3527906698731258,0.7349805622356788,72,False,per_turn
Claude,1,U4,AUR,-0.18522338642604355,0.11930961468204207,0.5939191514782616,72,False,per_turn
Claude,1,U4,TD,0.05271106251812274,0.6601208819796058,0.836913240283155,72,False,per_turn
Claude,1,U4,FIX,0.3668947219322148,0.0015241137994874499,0.025401896658124163,72,True,per_turn
Claude,1,U4,RT,0.40120336332328577,0.00047815766157453343,0.011953941539363336,72,True,per_turn
Claude,1,U4,TN,-0.12871901350991083,0.28121587951313887,0.7349805622356788,72,False,per_turn
Claude,1,U4,QOC,0.11356431943305108,0.34219466913857033,0.7349805622356788,72,False,per_turn
Claude,1,U4,LM,-0.04034850217792015,0.7364836514491764,0.836913240283155,72,False,per_turn
Claude,1,U4,ME,-0.04485613040162566,0.7082972198146749,0.836913240283155,72,False,per_turn
Claude,1,U4,EMP,0.06749165157385545,0.5732267084917948,0.836913240283155,72,False,per_turn
Claude,1,U5,SEN,0.14357433374124176,0.22890185588787426,0.715318299649607,72,False,per_turn
Claude,1,U5,AUR,-0.03102289144559369,0.7958719933535903,0.8650782536452069,72,False,per_turn
Claude,1,U5,TD,0.05590635504319867,0.6408978093511968,0.836913240283155,72,False,per_turn
Claude,1,U5,FIX,0.015418798811516142,0.8977131869786843,0.904634716999826,72,False,per_turn
Claude,1,U5,RT,0.11133398814825617,0.3518197086522613,0.7349805622356788,72,False,per_turn
Claude,1,U5,TN,-0.1734831151993808,0.14501539143283823,0.5939191514782616,72,False,per_turn
Claude,1,U5,QOC,0.1212515938593429,0.31029803627193303,0.7349805622356788,72,False,per_turn
Claude,1,U5,LM,0.21864695978651136,0.06500759886933423,0.3611533270518568,72,False,per_turn
Claude,1,U5,ME,0.0731048485238362,0.5416788459465722,0.836913240283155,72,False,per_turn
Claude,1,U5,EMP,-0.014370363742100063,0.9046347169998261,0.904634716999826,72,False,per_turn
Claude,2,U1,SEN,0.4098005709323841,0.0003505187875049774,0.005525282365632081,72,True,per_turn
Claude,2,U1,AUR,0.21427723494280349,0.07069402766315512,0.3213364893779778,72,False,per_turn
Claude,2,U1,TD,-0.07165918706113662,0.5497222185080837,0.9018919830372315,72,False,per_turn
Claude,2,U1,FIX,0.2230152537659117,0.05969785815700095,0.3213364893779778,72,False,per_turn
Claude,2,U1,RT,0.27756828167809594,0.01824472910491038,0.1520394092075865,72,False,per_turn
Claude,2,U1,TN,0.26874500118397676,0.02245185927559504,0.16037042339710744,72,False,per_turn
Claude,2,U1,QOC,0.11059496830261181,0.3550456005934741,0.8876140014836853,72,False,per_turn
Claude,2,U1,LM,0.12048197945356906,0.31340192866118644,0.8247419175294379,72,False,per_turn
Claude,2,U1,ME,-0.01661482620930756,0.8898266027393118,0.9454943953698587,72,False,per_turn
Claude,2,U1,EMP,0.4888054093775086,1.3214835054932812e-05,0.0003303708763733203,72,True,per_turn
Claude,2,U2,SEN,0.08845235543978212,0.45999352936721416,0.9018919830372315,72,False,per_turn
Claude,2,U2,AUR,0.011052246355074536,0.9265845074624615,0.9454943953698587,72,False,per_turn
Claude,2,U2,TD,-0.06943321074970185,0.5622185935903405,0.9018919830372315,72,False,per_turn
Claude,2,U2,FIX,0.026855458954859843,0.82281307888923,0.9454943953698587,72,False,per_turn
Claude,2,U2,RT,0.03867939238873687,0.7470116774073801,0.9018919830372315,72,False,per_turn
Claude,2,U2,TN,-0.014185553117670741,0.905855544961836,0.9454943953698587,72,False,per_turn
Claude,2,U2,QOC,0.18987461159277466,0.11015161584031585,0.45896506600131604,72,False,per_turn
Claude,2,U2,LM,0.09580110056082408,0.4234118896421274,0.9018919830372315,72,False,per_turn
Claude,2,U2,ME,-0.03849171514896311,0.7481983993317488,0.9018919830372315,72,False,per_turn
Claude,2,U2,EMP,-0.08839509307281866,0.46028520613030177,0.9018919830372315,72,False,per_turn
Claude,2,U3,SEN,0.6719840027857805,1.0301084989715868e-10,5.150542494857934e-09,72,True,per_turn
Claude,2,U3,AUR,0.012510012016022433,0.9169334785651282,0.9454943953698587,72,False,per_turn
Claude,2,U3,TD,-0.018703300052018118,0.8760812314311456,0.9454943953698587,72,False,per_turn
Claude,2,U3,FIX,0.16888013236829963,0.15615441708051606,0.59919343671996,72,False,per_turn
Claude,2,U3,RT,0.16205093088804107,0.1738328939483483,0.59919343671996,72,False,per_turn
Claude,2,U3,TN,0.06846531968814576,0.5676937778309594,0.9018919830372315,72,False,per_turn
Claude,2,U3,QOC,0.08178608201095307,0.4946208823551158,0.9018919830372315,72,False,per_turn
Claude,2,U3,LM,-0.03700978284148701,0.7575892657512745,0.9018919830372315,72,False,per_turn
Claude,2,U3,ME,0.1474419561548971,0.21647395174308243,0.6366880933620072,72,False,per_turn
Claude,2,U3,EMP,0.4034007909541265,0.0004420225892505665,0.005525282365632081,72,True,per_turn
Claude,2,U4,SEN,0.21693045781865616,0.06719564208720008,0.3213364893779778,72,False,per_turn
Claude,2,U4,AUR,-0.06865437954763622,0.5666223404334046,0.9018919830372315,72,False,per_turn
Claude,2,U4,TD,0.366092881191051,0.0015636709338218543,0.015636709338218542,72,True,per_turn
Claude,2,U4,FIX,-0.1592948706791365,0.1813669878891025,0.59919343671996,72,False,per_turn
Claude,2,U4,RT,-0.15563243006262295,0.1917418997503872,0.59919343671996,72,False,per_turn
Claude,2,U4,TN,-0.0704502327470793,0.5564925153923012,0.9018919830372315,72,False,per_turn
Claude,2,U4,QOC,0.05610478939691058,0.6397115854096336,0.9018919830372315,72,False,per_turn
Claude,2,U4,LM,0.08462833858328696,0.4796926350772427,0.9018919830372315,72,False,per_turn
Claude,2,U4,ME,-0.050572173742417355,0.673113306243439,0.9018919830372315,72,False,per_turn
Claude,2,U4,EMP,-0.04771218268551839,0.6906356387484551,0.9018919830372315,72,False,per_turn
Claude,2,U5,SEN,0.24916006537489913,0.03480656678593559,0.21754104241209746,72,False,per_turn
Claude,2,U5,AUR,0.05209378068308014,0.6638604182238628,0.9018919830372315,72,False,per_turn
Claude,2,U5,TD,-0.043148251688187936,0.7189331238906673,0.9018919830372315,72,False,per_turn
Claude,2,U5,FIX,0.053961213518923565,0.6525728521223129,0.9018919830372315,72,False,per_turn
Claude,2,U5,RT,-0.03874490858454737,0.7465975429621574,0.9018919830372315,72,False,per_turn
Claude,2,U5,TN,0.04324879741112636,0.718305469039824,0.9018919830372315,72,False,per_turn
Claude,2,U5,QOC,0.12332548300267605,0.30203313371486445,0.8247419175294379,72,False,per_turn
Claude,2,U5,LM,0.10513421808678365,0.37944480721305107,0.9018919830372315,72,False,per_turn
Claude,2,U5,ME,0.01402069580073233,0.9069447485232339,0.9454943953698587,72,False,per_turn
Claude,2,U5,EMP,0.0036218943683025535,0.9759115254270125,0.9759115254270125,72,False,per_turn
Claude,3,U1,SEN,0.4148482702788149,0.0002909585900833018,0.0064855164330559585,72,True,per_turn
Claude,3,U1,AUR,0.09953270772344087,0.4054934072281523,0.6916366989870013,72,False,per_turn
Claude,3,U1,TD,-0.06107323407189321,0.6103106658856661,0.8975156851259796,72,False,per_turn
Claude,3,U1,FIX,0.2955672735186198,0.011713203910596577,0.08342192183636259,72,False,per_turn
Claude,3,U1,RT,0.39428822384545475,0.0006101682777488916,0.0064855164330559585,72,True,per_turn
Claude,3,U1,TN,0.2804552969111661,0.01702368830997269,0.09457604616651494,72,False,per_turn
Claude,3,U1,QOC,0.1158283475836254,0.3325944854323548,0.6396047796776053,72,False,per_turn
Claude,3,U1,LM,0.15946279345569517,0.18090127192049285,0.37687764983436006,72,False,per_turn
Claude,3,U1,ME,0.07259540086406277,0.5445067420841534,0.8424521754341757,72,False,per_turn
Claude,3,U1,EMP,0.3925341421452654,0.0006485516433055959,0.0064855164330559585,72,True,per_turn
Claude,3,U2,SEN,0.07053465776364191,0.556018435786556,0.8424521754341757,72,False,per_turn
Claude,3,U2,AUR,-0.02549211321177741,0.8316728546126687,0.945082789332578,72,False,per_turn
Claude,3,U2,TD,0.10010755032918976,0.4027730898305655,0.6916366989870013,72,False,per_turn
Claude,3,U2,FIX,-0.0975450407617575,0.4149820193922008,0.6916366989870013,72,False,per_turn
Claude,3,U2,RT,-0.03979072692709594,0.7399965855377206,0.9436194269851569,72,False,per_turn
Claude,3,U2,TN,0.0167400317794031,0.8890016023123621,0.9457463854386832,72,False,per_turn
Claude,3,U2,QOC,0.16088768236761,0.17698441167299145,0.37687764983436006,72,False,per_turn
Claude,3,U2,LM,0.25439814403341154,0.031046538752932583,0.1292391857237585,72,False,per_turn
Claude,3,U2,ME,-0.02896501728379409,0.809147831732508,0.9436194269851569,72,False,per_turn
Claude,3,U2,EMP,-0.04212475596710131,0.725332768210046,0.9436194269851569,72,False,per_turn
Claude,3,U3,SEN,0.5819717859026173,8.241411608072658e-08,4.120705804036329e-06,72,True,per_turn
Claude,3,U3,AUR,-0.00882048978507575,0.9413797086054351,0.9605915393933011,72,False,per_turn
Claude,3,U3,TD,0.02111664518495152,0.8602433887687155,0.9457463854386832,72,False,per_turn
Claude,3,U3,FIX,0.24085823056174951,0.04154076654118762,0.13846922180395876,72,False,per_turn
Claude,3,U3,RT,0.2707215891712228,0.021443832253136168,0.09747196478698257,72,False,per_turn
Claude,3,U3,TN,0.30221577210920275,0.009875972115656141,0.08229976763046784,72,False,per_turn
Claude,3,U3,QOC,0.24735553244803404,0.03618697200265238,0.1292391857237585,72,False,per_turn
Claude,3,U3,LM,-0.028599331745998064,0.8115127072072349,0.9436194269851569,72,False,per_turn
Claude,3,U3,ME,-0.056961797141151044,0.6345988399923435,0.9065697714176335,72,False,per_turn
Claude,3,U3,EMP,0.2482816567822266,0.03547292191300346,0.1292391857237585,72,False,per_turn
Claude,3,U4,SEN,0.043787269248403995,0.7149472417013594,0.9436194269851569,72,False,per_turn
Claude,3,U4,AUR,-0.22188007849009167,0.061042609044901074,0.19075815326531587,72,False,per_turn
Claude,3,U4,TD,0.39839308858551853,0.0005282940191181223,0.0064855164330559585,72,True,per_turn
Claude,3,U4,FIX,-0.1919079063021604,0.10632308339958117,0.2953418983321699,72,False,per_turn
Claude,3,U4,RT,-0.17569715607659736,0.139874546044944,0.34968636511236,72,False,per_turn
Claude,3,U4,TN,-0.1701510194161014,0.1530173627008774,0.3643270540497081,72,False,per_turn
Claude,3,U4,QOC,-0.009982214229487028,0.93367538704123,0.9605915393933011,72,False,per_turn
Claude,3,U4,LM,-0.09354665505245774,0.434453405360854,0.7007312989691193,72,False,per_turn
Claude,3,U4,ME,-0.050572173742417355,0.673113306243439,0.9348795920047763,72,False,per_turn
Claude,3,U4,EMP,-0.018786728732554485,0.8755328735097547,0.9457463854386832,72,False,per_turn
Claude,3,U5,SEN,0.2903753907456399,0.013347507493818014,0.08342192183636259,72,False,per_turn
Claude,3,U5,AUR,-0.1983849405936463,0.09481262476306862,0.27886066106784885,72,False,per_turn
Claude,3,U5,TD,0.10153024458161629,0.3960866881762771,0.6916366989870013,72,False,per_turn
Claude,3,U5,FIX,-0.16386279762881178,0.16900612165984527,0.37687764983436006,72,False,per_turn
Claude,3,U5,RT,-0.11839326849149799,0.32192619523173294,0.6396047796776053,72,False,per_turn
Claude,3,U5,TN,0.005204555617674299,0.9653910496825076,0.9653910496825076,72,False,per_turn
Claude,3,U5,QOC,0.2759272509669206,0.018971666679278784,0.09485833339639392,72,False,per_turn
Claude,3,U5,LM,0.02905546493875559,0.8085631720270346,0.9436194269851569,72,False,per_turn
Claude,3,U5,ME,-0.17628396935453472,0.13853529111168028,0.34968636511236,72,False,per_turn
Claude,3,U5,EMP,0.0331204187201709,0.7823996034459539,0.9436194269851569,72,False,per_turn
Claude,4,U1,SEN,0.3331924735743994,0.004236949480901842,0.052961868511273026,72,False,per_turn
Claude,4,U1,AUR,0.2899659675281568,0.013484390386913727,0.11236991989094773,72,False,per_turn
Claude,4,U1,TD,-0.20043541746740504,0.0913798342602405,0.32635655092943033,72,False,per_turn
Claude,4,U1,FIX,0.3435016275348219,0.0031353129306637122,0.052255215511061874,72,False,per_turn
Claude,4,U1,RT,0.40294281236325397,0.0004493412750831169,0.011233531877077922,72,True,per_turn
Claude,4,U1,TN,0.2815801063167033,0.0165673172622473,0.11833798044462356,72,False,per_turn
Claude,4,U1,QOC,0.0432121956080121,0.7185339336305754,0.7810151452506254,72,False,per_turn
Claude,4,U1,LM,0.15152311993622433,0.20388343374139412,0.4061228776377769,72,False,per_turn
Claude,4,U1,ME,0.09579985698764272,0.4234179356014667,0.6283908691427297,72,False,per_turn
Claude,4,U1,EMP,0.17845716493006644,0.13365960208624397,0.393116476724247,72,False,per_turn
Claude,4,U2,SEN,0.16940521133904735,0.15485257621512952,0.4061228776377769,72,False,per_turn
Claude,4,U2,AUR,0.04616982208242243,0.700153718012553,0.7779485755695034,72,False,per_turn
Claude,4,U2,TD,0.18524008431128064,0.1192757247772326,0.37273663992885187,72,False,per_turn
Claude,4,U2,FIX,0.07929517739048698,0.5079007799354072,0.6863524053181178,72,False,per_turn
Claude,4,U2,RT,0.0826699355745476,0.4899527923539585,0.6804899893804979,72,False,per_turn
Claude,4,U2,TN,-0.07585573581671794,0.5265339874929953,0.6928078782802569,72,False,per_turn
Claude,4,U2,QOC,-0.06647204106780212,0.5790473882515377,0.7206993194374876,72,False,per_turn
Claude,4,U2,LM,0.20057974698490183,0.09114193778001435,0.32635655092943033,72,False,per_turn
Claude,4,U2,ME,-0.057864886420384426,0.6292295791933349,0.7316623013875987,72,False,per_turn
Claude,4,U2,EMP,0.1543199635372771,0.1955618250752817,0.4061228776377769,72,False,per_turn
Claude,4,U3,SEN,0.45538255553918716,5.8374568334292314e-05,0.0029187284167146157,72,True,per_turn
Claude,4,U3,AUR,0.06191512802834294,0.6053874283274895,0.7206993194374876,72,False,per_turn
Claude,4,U3,TD,0.09785949195001707,0.41347241966264114,0.6283908691427297,72,False,per_turn
Claude,4,U3,FIX,0.16290875165297905,0.1715352689005767,0.4061228776377769,72,False,per_turn
Claude,4,U3,RT,0.14003924947844942,0.2406883610482243,0.4457191871263413,72,False,per_turn
Claude,4,U3,TN,0.20097957171156006,0.09048545546994724,0.32635655092943033,72,False,per_turn
Claude,4,U3,QOC,0.2251924418528057,0.05718601450261774,0.2859300725130887,72,False,per_turn
Claude,4,U3,LM,0.005860167865424287,0.9610346004015604,0.9806475514301637,72,False,per_turn
Claude,4,U3,ME,0.13135173437318343,0.2714090736615064,0.48465906010983284,72,False,per_turn
Claude,4,U3,EMP,0.26262229645098417,0.025833792489608175,0.1614612030600511,72,False,per_turn
Claude,4,U4,SEN,-0.1210898699241207,0.31094862323938094,0.5361183159299672,72,False,per_turn
Claude,4,U4,AUR,-0.037043389328831805,0.7573759103797977,0.8057190535955294,72,False,per_turn
Claude,4,U4,TD,0.1580813593254649,0.18475843333491268,0.4061228776377769,72,False,per_turn
Claude,4,U4,FIX,-0.05216552763541339,0.6634253470966898,0.753892439882602,72,False,per_turn
Claude,4,U4,RT,-0.06816366621321807,0.5694052662959879,0.7206993194374876,72,False,per_turn
Claude,4,U4,TN,-0.02173915050061338,0.8561667780534511,0.8918403938056781,72,False,per_turn
Claude,4,U4,QOC,-0.24830018733841783,0.035458755588574344,0.1969930866031908,72,False,per_turn
Claude,4,U4,LM,-0.16128048810470047,0.17591558411304617,0.4061228776377769,72,False,per_turn
Claude,4,U4,ME,-0.06286946134619315,0.5998278218585121,0.7206993194374876,72,False,per_turn
Claude,4,U4,EMP,-0.1491356772651556,0.21118389637164398,0.4061228776377769,72,False,per_turn
Claude,4,U5,SEN,0.08727086648627934,0.46603212594607923,0.6657601799229703,72,False,per_turn
Claude,4,U5,AUR,-0.11018772199362147,0.3568310497832413,0.5947184163054022,72,False,per_turn
Claude,4,U5,TD,0.18565592692097774,0.11843411202801615,0.37273663992885187,72,False,per_turn
Claude,4,U5,FIX,0.2047384917123864,0.08449403574759526,0.32635655092943033,72,False,per_turn
Claude,4,U5,RT,0.15667780508279716,0.18873798359278887,0.4061228776377769,72,False,per_turn
Claude,4,U5,TN,0.10072380030368532,0.3998687404699559,0.6283908691427297,72,False,per_turn
Claude,4,U5,QOC,0.09500226923442363,0.4273057910170561,0.6283908691427297,72,False,per_turn
Claude,4,U5,LM,0.15070250920389353,0.2063721947210738,0.4061228776377769,72,False,per_turn
Claude,4,U5,ME,0.0020410246049744393,0.9864241878759523,0.9864241878759523,72,False,per_turn
Claude,4,U5,EMP,0.29732689838425735,0.011200184653399878,0.11200184653399878,72,False,per_turn
Claude,5,U1,SEN,0.34280567215238034,0.0032007113624593153,0.05334518937432192,72,False,per_turn
Claude,5,U1,AUR,0.24689656541152943,0.03654525782354894,0.20302921013082745,72,False,per_turn
Claude,5,U1,TD,-0.09539807373358533,0.42537389758974187,0.7380793320462943,72,False,per_turn
Claude,5,U1,FIX,0.043326947315109735,0.7178177480737125,0.854544938182991,72,False,per_turn
Claude,5,U1,RT,0.01612448991667073,0.8930586262831819,0.9336481538520058,72,False,per_turn
Claude,5,U1,TN,0.16671693123694595,0.16160343298127458,0.5386781099375819,72,False,per_turn
Claude,5,U1,QOC,0.0732874904974535,0.5406667669729038,0.8447918233951622,72,False,per_turn
Claude,5,U1,LM,0.2006601896622116,0.09100955674495245,0.41367980338614746,72,False,per_turn
Claude,5,U1,ME,0.13721640742502003,0.2503956294601831,0.6589358670004819,72,False,per_turn
Claude,5,U1,EMP,0.351153577094921,0.0024909995992980663,0.05334518937432192,72,False,per_turn
Claude,5,U2,SEN,0.14237407998888127,0.23285773313225328,0.6468270364784813,72,False,per_turn
Claude,5,U2,AUR,-0.0444296870013568,0.7109478028645986,0.854544938182991,72,False,per_turn
Claude,5,U2,TD,0.06343541159002095,0.5965415155642075,0.8458131579803456,72,False,per_turn
Claude,5,U2,FIX,-0.26792079258853957,0.022883944736427,0.14302465460266875,72,False,per_turn
Claude,5,U2,RT,-0.24193312821531923,0.04061227433899239,0.20306137169496194,72,False,per_turn
Claude,5,U2,TN,-0.016133541380502363,0.8929989481682359,0.9336481538520058,72,False,per_turn
Claude,5,U2,QOC,0.16085394919558668,0.17707642012182942,0.5533638128807169,72,False,per_turn
Claude,5,U2,LM,0.11969156689491159,0.31661043862440347,0.682176125401478,72,False,per_turn
Claude,5,U2,ME,0.14363983633079527,0.22868732330819566,0.6468270364784813,72,False,per_turn
Claude,5,U2,EMP,0.2984823123218868,0.010874041705196312,0.11704843793989864,72,False,per_turn
Claude,5,U3,SEN,0.4962916669854651,9.27012170183924e-06,0.00046350608509196204,72,True,per_turn
Claude,5,U3,AUR,0.11647945165235242,0.3298654241014638,0.682176125401478,72,False,per_turn
Claude,5,U3,TD,0.012806020814297074,0.9149751907749657,0.9336481538520058,72,False,per_turn
Claude,5,U3,FIX,0.17675220689964652,0.13747360655423968,0.4909771662651417,72,False,per_turn
Claude,5,U3,RT,0.10065640694646236,0.4001857599424127,0.7380793320462943,72,False,per_turn
Claude,5,U3,TN,0.002370570644175814,0.9842324823616035,0.9842324823616037,72,False,per_turn
Claude,5,U3,QOC,0.0757445007939063,0.5271422548287381,0.8447918233951622,72,False,per_turn
Claude,5,U3,LM,-0.05623936974383402,0.6389075876983021,0.8458131579803456,72,False,per_turn
Claude,5,U3,ME,-0.05976143046671968,0.6180162751153238,0.8458131579803456,72,False,per_turn
Claude,5,U3,EMP,0.29559540716466165,0.011704843793989863,0.11704843793989864,72,False,per_turn
Claude,5,U4,SEN,-0.10244389988519645,0.3918274771989515,0.7380793320462943,72,False,per_turn
Claude,5,U4,AUR,-0.03312990518684077,0.7823388135674213,0.8890213790538879,72,False,per_turn
Claude,5,U4,TD,0.18126189690434774,0.12756041257250778,0.4906169714327222,72,False,per_turn
Claude,5,U4,FIX,0.1224670240983628,0.3054367294124211,0.682176125401478,72,False,per_turn
Claude,5,U4,RT,0.13257939935474075,0.26691537413316163,0.667288435332904,72,False,per_turn
Claude,5,U4,TN,-0.18641150558968353,0.11691658616700125,0.48715244236250516,72,False,per_turn
Claude,5,U4,QOC,0.06050765810471119,0.6136277782001246,0.8458131579803456,72,False,per_turn
Claude,5,U4,LM,-0.04999260519111536,0.6766505263842765,0.8458131579803456,72,False,per_turn
Claude,5,U4,ME,-0.035245368842512066,0.7688159073709651,0.8890213790538879,72,False,per_turn
Claude,5,U4,EMP,-0.09297741880055682,0.43726683936242383,0.7380793320462943,72,False,per_turn
Claude,5,U5,SEN,0.2735799341529984,0.02005445665013704,0.14302465460266875,72,False,per_turn
Claude,5,U5,AUR,0.022479239330908035,0.8513250360437445,0.9336481538520058,72,False,per_turn
Claude,5,U5,TD,0.01357218171220752,0.9099089182791205,0.9336481538520058,72,False,per_turn
Claude,5,U5,FIX,-0.0648184319017253,0.5885446828052483,0.8458131579803456,72,False,per_turn
Claude,5,U5,RT,-0.09185434172152279,0.4428475992277766,0.7380793320462943,72,False,per_turn
Claude,5,U5,TN,0.11446091775473397,0.33837227152324645,0.682176125401478,72,False,per_turn
Claude,5,U5,QOC,0.05090279463619622,0.6710986209184148,0.8458131579803456,72,False,per_turn
Claude,5,U5,LM,0.1138232414727595,0.341088062700739,0.682176125401478,72,False,per_turn
Claude,5,U5,ME,-0.05182105744661054,0.665515213654174,0.8458131579803456,72,False,per_turn
Claude,5,U5,EMP,0.28604481639597384,0.014857999927133339,0.12381666605944448,72,False,per_turn
Claude,6,U1,SEN,0.22731319553193505,0.05482263970065679,0.2284276654194033,72,False,per_turn
Claude,6,U1,AUR,0.3231342586812876,0.00562993281132601,0.051322091651324946,72,False,per_turn
Claude,6,U1,TD,-0.2968957678659513,0.01132404070335312,0.07750261343347421,72,False,per_turn
Claude,6,U1,FIX,0.3908270628223318,0.0006880028538467489,0.015988477843622655,72,True,per_turn
Claude,6,U1,RT,0.31988838332635383,0.006158650998158994,0.051322091651324946,72,False,per_turn
Claude,6,U1,TN,0.016013045762506794,0.8937934483756049,0.9085891636505226,72,False,per_turn
Claude,6,U1,QOC,-0.03805887188702057,0.7509375788409414,0.8603413655339981,72,False,per_turn
Claude,6,U1,LM,0.1927557377392757,0.10475751283490746,0.3960435151938755,72,False,per_turn
Claude,6,U1,ME,-0.07870125948033191,0.5110939715285902,0.7743848053463488,72,False,per_turn
Claude,6,U1,EMP,0.17073319883599508,0.15159607826001087,0.4458708184117967,72,False,per_turn
Claude,6,U2,SEN,0.0484354619469607,0.6861885229801837,0.8603413655339981,72,False,per_turn
Claude,6,U2,AUR,-0.013771852964032145,0.9085891636505226,0.9085891636505226,72,False,per_turn
Claude,6,U2,TD,-0.14279649692807656,0.23146012798931226,0.5354381982330181,72,False,per_turn
Claude,6,U2,FIX,0.01644352209383341,0.8909555431453641,0.9085891636505226,72,False,per_turn
Claude,6,U2,RT,0.039992511893176194,0.73872510311113,0.8603413655339981,72,False,per_turn
Claude,6,U2,TN,-0.035428971187495065,0.7676454214437763,0.8603413655339981,72,False,per_turn
Claude,6,U2,QOC,-0.14317125304916498,0.23022510176963296,0.5354381982330181,72,False,per_turn
Claude,6,U2,LM,0.24683854243479117,0.03659076242210457,0.1663216473732026,72,False,per_turn
Claude,6,U2,ME,-0.1825039503971389,0.12492809683827377,0.3960435151938755,72,False,per_turn
Claude,6,U2,EMP,-0.020382071364893086,0.8650585875061018,0.9085891636505226,72,False,per_turn
Claude,6,U3,SEN,0.3810430280973343,0.0009593086706173592,0.015988477843622655,72,True,per_turn
Claude,6,U3,AUR,0.3956605457861514,0.0005815933813054175,0.015988477843622655,72,True,per_turn
Claude,6,U3,TD,-0.12112060581877111,0.3108249104186289,0.6216498208372578,72,False,per_turn
Claude,6,U3,FIX,0.1820789009582807,0.12582421016893405,0.3960435151938755,72,False,per_turn
Claude,6,U3,RT,0.18164975363768868,0.12673392486204016,0.3960435151938755,72,False,per_turn
Claude,6,U3,TN,0.26751986918888443,0.023096668028619503,0.12831482238121947,72,False,per_turn
Claude,6,U3,QOC,0.2524963908470595,0.032370185127021604,0.161850925635108,72,False,per_turn
Claude,6,U3,LM,0.33546911991626305,0.003967775390140608,0.0495971923767576,72,True,per_turn
Claude,6,U3,ME,-0.0823666225822317,0.4915521273438256,0.7743848053463488,72,False,per_turn
Claude,6,U3,EMP,0.15209125683114622,0.20217294604387986,0.532034068536526,72,False,per_turn
Claude,6,U4,SEN,-0.07934355371256382,0.5076411372032613,0.7743848053463488,72,False,per_turn
Claude,6,U4,AUR,-0.11379203718605643,0.34122130770798087,0.631891310570335,72,False,per_turn
Claude,6,U4,TD,0.09942742227829625,0.4059928087964807,0.6999876013732426,72,False,per_turn
Claude,6,U4,FIX,-0.13662426534187622,0.25246536736900604,0.5488377551500132,72,False,per_turn
Claude,6,U4,RT,-0.13093073414159542,0.27296169365909934,0.5686701951231236,72,False,per_turn
Claude,6,U4,TN,-0.08018455989268347,0.5031382531597899,0.7743848053463488,72,False,per_turn
Claude,6,U4,QOC,0.14155248408767496,0.23559280722252793,0.5354381982330181,72,False,per_turn
Claude,6,U4,LM,-0.15723716716595024,0.1871446556193057,0.5198462656091825,72,False,per_turn
Claude,6,U4,ME,-0.04617570965396101,0.7001172962755003,0.8603413655339981,72,False,per_turn
Claude,6,U4,EMP,0.044485653952087034,0.7105997413136246,0.8603413655339981,72,False,per_turn
Claude,6,U5,SEN,0.10670642700261061,0.37231874384394104,0.6648548997213233,72,False,per_turn
Claude,6,U5,AUR,0.023370936705478743,0.8454987451382403,0.9085891636505226,72,False,per_turn
Claude,6,U5,TD,-0.05149254203318582,0.6675106554443084,0.8603413655339981,72,False,per_turn
Claude,6,U5,FIX,-0.04531444365170237,0.7054523977939815,0.8603413655339981,72,False,per_turn
Claude,6,U5,RT,0.0384655942000528,0.7483636138358636,0.8603413655339981,72,False,per_turn
Claude,6,U5,TN,0.06408088644244522,0.5928032568268453,0.8603413655339981,72,False,per_turn
Claude,6,U5,QOC,0.11690790157138524,0.3280773660938382,0.6309180117189196,72,False,per_turn
Claude,6,U5,LM,0.29331212406249185,0.012400418149355873,0.07750261343347421,72,False,per_turn
Claude,6,U5,ME,0.03438507192057218,0.7743072289805983,0.8603413655339981,72,False,per_turn
Claude,6,U5,EMP,0.05796147779885486,0.6286564283570015,0.8603413655339981,72,False,per_turn
Claude,7,U1,SEN,0.5078779518252826,5.266488966769245e-06,0.00013166222416923114,72,True,per_turn
Claude,7,U1,AUR,0.4332029545661582,0.00014414348419823297,0.0018017935524779123,72,True,per_turn
Claude,7,U1,TD,-0.23447508834522462,0.0474235381556058,0.21556153707093548,72,False,per_turn
Claude,7,U1,FIX,0.3224063892307125,0.0057448780098119856,0.04103484292722847,72,True,per_turn
Claude,7,U1,RT,0.32558277102259187,0.005258021063928846,0.04103484292722847,72,True,per_turn
Claude,7,U1,TN,-0.05330775175060011,0.6565139739772332,0.7815642547348014,72,False,per_turn
Claude,7,U1,QOC,-0.07018878220696126,0.5579618847534455,0.7744936276945638,72,False,per_turn
Claude,7,U1,LM,0.26053391274854304,0.027081769653387273,0.1354088482669364,72,False,per_turn
Claude,7,U1,ME,0.13139036155660133,0.2712669162801933,0.610975529827778,72,False,per_turn
Claude,7,U1,EMP,0.15131066391600545,0.20452571380195106,0.5113142845048777,72,False,per_turn
Claude,7,U2,SEN,0.12876336604714833,0.2810487437207779,0.610975529827778,72,False,per_turn
Claude,7,U2,AUR,0.04599069599271388,0.7012621512786543,0.8154211061379701,72,False,per_turn
Claude,7,U2,TD,0.09060129125594509,0.44912097337545065,0.7243886667345978,72,False,per_turn
Claude,7,U2,FIX,0.05534839259714324,0.6442380663843832,0.7815642547348014,72,False,per_turn
Claude,7,U2,RT,0.017594328156911882,0.8833756842448023,0.9397613662178748,72,False,per_turn
Claude,7,U2,TN,0.08466823358153834,0.47948482229007605,0.7264921549849637,72,False,per_turn
Claude,7,U2,QOC,0.012073837464002252,0.9198199481667475,0.9561025326492802,72,False,per_turn
Claude,7,U2,LM,0.11638453464993286,0.33026237682191883,0.6605247536438377,72,False,per_turn
Claude,7,U2,ME,-0.018110830146886674,0.8799770622275358,0.9397613662178748,72,False,per_turn
Claude,7,U2,EMP,0.07497152785446805,0.5313787745508094,0.7591125350725848,72,False,per_turn
Claude,7,U3,SEN,0.5809557205796799,8.786995201900415e-08,4.393497600950208e-06,72,True,per_turn
Claude,7,U3,AUR,0.43408949092271115,0.0001391928057696174,0.0018017935524779123,72,True,per_turn
Claude,7,U3,TD,-0.10132882666152573,0.3970293096592449,0.6988759111521868,72,False,per_turn
Claude,7,U3,FIX,0.16892192207612416,0.15605051028839267,0.4443200649586865,72,False,per_turn
Claude,7,U3,RT,0.19166296949998196,0.1067787357314463,0.3359930541998696,72,False,per_turn
Claude,7,U3,TN,0.1673654817511446,0.15995522338512713,0.4443200649586865,72,False,per_turn
Claude,7,U3,QOC,-0.009146160810159693,0.9392193521917158,0.9561025326492802,72,False,per_turn
Claude,7,U3,LM,0.2110527969261601,0.07514068982937547,0.2683596065334838,72,False,per_turn
Claude,7,U3,ME,0.0916698497028211,0.44376816587207624,0.7243886667345978,72,False,per_turn
Claude,7,U3,EMP,0.324937396713866,0.005353879280957844,0.04103484292722847,72,True,per_turn
Claude,7,U4,SEN,0.10542019195986589,0.3781425561019379,0.6988759111521868,72,False,per_turn
Claude,7,U4,AUR,-0.06480620688024832,0.5886151570478685,0.7744936276945638,72,False,per_turn
Claude,7,U4,TD,0.13976766811778255,0.2416108418598494,0.5752639091901176,72,False,per_turn
Claude,7,U4,FIX,0.22427897000809008,0.058229219034180935,0.2426217459757539,72,False,per_turn
Claude,7,U4,RT,0.21240826440822064,0.07324495375347545,0.2683596065334838,72,False,per_turn
Claude,7,U4,TN,0.029031786037493075,0.8087162239411889,0.9189957090240782,72,False,per_turn
Claude,7,U4,QOC,-0.056519923914526586,0.6372328616361134,0.7815642547348014,72,False,per_turn
Claude,7,U4,LM,-0.15689972744163078,0.18810467649143184,0.4950123065563996,72,False,per_turn
Claude,7,U4,ME,-0.06625568373916033,0.5802859969072454,0.7744936276945638,72,False,per_turn
Claude,7,U4,EMP,-0.09997125672845174,0.40341709980060436,0.6988759111521868,72,False,per_turn
Claude,7,U5,SEN,0.30804252087871864,0.008477711192833014,0.05298569495520634,72,False,per_turn
Claude,7,U5,AUR,0.08760386085128379,0.464325844524882,0.7255091320701281,72,False,per_turn
Claude,7,U5,TD,0.023433735852399835,0.845088727335014,0.9389874748166821,72,False,per_turn
Claude,7,U5,FIX,0.0995633711833093,0.40534802846826834,0.6988759111521868,72,False,per_turn
Claude,7,U5,RT,0.08129446328602996,0.4972274079774339,0.7312167764374028,72,False,per_turn
Claude,7,U5,TN,0.19126741369021877,0.10751777734395826,0.3359930541998696,72,False,per_turn
Claude,7,U5,QOC,0.05463603425559947,0.6485128476508686,0.7815642547348014,72,False,per_turn
Claude,7,U5,LM,0.12413692607037831,0.2988387364509376,0.6225807009394534,72,False,per_turn
Claude,7,U5,ME,-0.006602614096248229,0.9561025326492802,0.9561025326492802,72,False,per_turn
Claude,7,U5,EMP,0.27183367309343587,0.02089382574805194,0.11607680971139968,72,False,per_turn
Claude,8,U1,SEN,0.3244428422615251,0.005428377538133166,0.05428377538133167,72,False,per_turn
Claude,8,U1,AUR,0.28721987270858623,0.014434245997673704,0.09677155656500697,72,False,per_turn
Claude,8,U1,TD,-0.1443049080442907,0.2265170242748041,0.5343376526401028,72,False,per_turn
Claude,8,U1,FIX,0.15292877628318186,0.1996701290472974,0.5343376526401028,72,False,per_turn
Claude,8,U1,RT,0.14206350364657613,0.2338890323079795,0.5343376526401028,72,False,per_turn
Claude,8,U1,TN,-0.08662218482473905,0.46936576652665374,0.6899626719802087,72,False,per_turn
Claude,8,U1,QOC,0.1701927618503967,0.15291512733119977,0.5097170911039993,72,False,per_turn
Claude,8,U1,LM,0.21487258144300947,0.06989658864688315,0.3177117665767416,72,False,per_turn
Claude,8,U1,ME,0.05183210553488161,0.6654481464150974,0.7906514890640477,72,False,per_turn
Claude,8,U1,EMP,0.17773296501539204,0.13526973886981639,0.48310621024934425,72,False,per_turn
Claude,8,U2,SEN,0.12847513738309813,0.28213606869971913,0.5642721373994383,72,False,per_turn
Claude,8,U2,AUR,0.08816093195195801,0.4614790031012489,0.6899626719802087,72,False,per_turn
Claude,8,U2,TD,-0.16029663846892947,0.17860155448065376,0.5343376526401028,72,False,per_turn
Claude,8,U2,FIX,-0.011605312975890599,0.9229216506007264,0.9608751660981509,72,False,per_turn
Claude,8,U2,RT,-0.06669298588259116,0.5777837720781046,0.7635342064569017,72,False,per_turn
Claude,8,U2,TN,-0.0813800492047331,0.49677312382575023,0.6899626719802087,72,False,per_turn
Claude,8,U2,QOC,0.09021815262191199,0.45104895011216917,0.6899626719802087,72,False,per_turn
Claude,8,U2,LM,0.190949722664774,0.10811420404173512,0.4158238616989812,72,False,per_turn
Claude,8,U2,ME,-0.15138887834204978,0.2042890949485483,0.5343376526401028,72,False,per_turn
Claude,8,U2,EMP,0.0026464707284541075,0.9823976478340544,0.9823976478340544,72,False,per_turn
Claude,8,U3,SEN,0.47278897170376755,2.7454802173110345e-05,0.0013727401086555172,72,True,per_turn
Claude,8,U3,AUR,0.42504274664038594,0.0001979517684336631,0.004948794210841578,72,True,per_turn
Claude,8,U3,TD,-0.04945134161627691,0.6799602805950811,0.7906514890640477,72,False,per_turn
Claude,8,U3,FIX,0.2795019984256368,0.017418880181701256,0.09677155656500697,72,False,per_turn
Claude,8,U3,RT,0.2842866143861103,0.01551206367102021,0.09677155656500697,72,False,per_turn
Claude,8,U3,TN,0.30370826522532957,0.009499904173025908,0.07916586810854924,72,False,per_turn
Claude,8,U3,QOC,0.19440127366768947,0.10177009652565666,0.4158238616989812,72,False,per_turn
Claude,8,U3,LM,0.27074915655820025,0.021430050552800554,0.10715025276400277,72,False,per_turn
Claude,8,U3,ME,-0.06625568373916033,0.5802859969072454,0.7635342064569017,72,False,per_turn
Claude,8,U3,EMP,0.34317053252519214,0.0031662755917642752,0.052771259862737924,72,False,per_turn
Claude,8,U4,SEN,-0.08671099695241201,0.46890859121998174,0.6899626719802087,72,False,per_turn
Claude,8,U4,AUR,0.11059100781479,0.35506293755377694,0.6290825760762997,72,False,per_turn
Claude,8,U4,TD,-0.11816305717166908,0.3228746874085775,0.6095459879591699,72,False,per_turn
Claude,8,U4,FIX,0.020870775152471745,0.8618545324152985,0.9310515896085563,72,False,per_turn
Claude,8,U4,RT,0.025945392739164127,0.8287248125783468,0.9208053473092742,72,False,per_turn
Claude,8,U4,TN,0.0837836764143084,0.484103736521341,0.6899626719802087,72,False,per_turn
Claude,8,U4,QOC,0.13548447865362273,0.2564820732672493,0.5343376526401028,72,False,per_turn
Claude,8,U4,LM,-0.1462376681661978,0.22029166141176515,0.5343376526401028,72,False,per_turn
Claude,8,U4,ME,-0.04617570965396101,0.7001172962755003,0.795587836676705,72,False,per_turn
Claude,8,U4,EMP,0.052181791324088435,0.6633267400610685,0.7906514890640477,72,False,per_turn
Claude,8,U5,SEN,0.13928604628574723,0.2432527483860423,0.5343376526401028,72,False,per_turn
Claude,8,U5,AUR,0.0958078763594162,0.4233789481768411,0.6899626719802087,72,False,per_turn
Claude,8,U5,TD,-0.13596250462178622,0.25479221437286564,0.5343376526401028,72,False,per_turn
Claude,8,U5,FIX,-0.05517999568483611,0.645247565245004,0.7906514890640477,72,False,per_turn
Claude,8,U5,RT,-0.06079907287018458,0.6119176536961184,0.784509812430921,72,False,per_turn
Claude,8,U5,TN,0.018839128086983372,0.8751884942320429,0.9310515896085563,72,False,per_turn
Claude,8,U5,QOC,0.11664954480886504,0.3291548334979517,0.6095459879591699,72,False,per_turn
Claude,8,U5,LM,0.3279521057600649,0.004918977913071698,0.05428377538133167,72,False,per_turn
Claude,8,U5,ME,-0.1083699335988276,0.3648678941242538,0.6290825760762997,72,False,per_turn
Claude,8,U5,EMP,0.0087785932102176,0.9416576627761879,0.9608751660981509,72,False,per_turn
Claude,9,U1,SEN,0.2986253733929666,0.010834239606092139,0.10174405731031162,72,False,per_turn
Claude,9,U1,AUR,0.1616455142321592,0.17492657364971145,0.40184586219675805,72,False,per_turn
Claude,9,U1,TD,-0.1609508624881197,0.17681217936657354,0.40184586219675805,72,False,per_turn
Claude,9,U1,FIX,0.26345976507966135,0.025347187718086063,0.15841992323803789,72,False,per_turn
Claude,9,U1,RT,0.3638025034371138,0.0016818064570729748,0.028030107617882914,72,True,per_turn
Claude,9,U1,TN,0.17069401723933642,0.15169142310115774,0.40184586219675805,72,False,per_turn
Claude,9,U1,QOC,-0.08751506392389215,0.46478051195084635,0.6888768240204738,72,False,per_turn
Claude,9,U1,LM,0.2376861242538387,0.04438384807556915,0.1978879076482737,72,False,per_turn
Claude,9,U1,ME,0.0692075514541395,0.5634928736696736,0.6888768240204738,72,False,per_turn
Claude,9,U1,EMP,0.2939282347789972,0.012209286877237395,0.10174405731031162,72,False,per_turn
Claude,9,U2,SEN,0.0732580039384678,0.5408300990250505,0.6888768240204738,72,False,per_turn
Claude,9,U2,AUR,0.08256121618780211,0.49052574219019485,0.6888768240204738,72,False,per_turn
Claude,9,U2,TD,0.15073313971422753,0.20627891200042442,0.402299988306548,72,False,per_turn
Claude,9,U2,FIX,0.06654035901805708,0.5786565321771979,0.6888768240204738,72,False,per_turn
Claude,9,U2,RT,0.1014844884738368,0.39630070734055056,0.6605011789009175,72,False,per_turn
Claude,9,U2,TN,0.08658420737923223,0.46956133536942346,0.6888768240204738,72,False,per_turn
Claude,9,U2,QOC,0.0683166357339863,0.5685370634392708,0.6888768240204738,72,False,per_turn
Claude,9,U2,LM,0.15503226936183034,0.1934819467126289,0.402299988306548,72,False,per_turn
Claude,9,U2,ME,-0.08693362213404776,0.4677636509877876,0.6888768240204738,72,False,per_turn
Claude,9,U2,EMP,0.2700488485818886,0.021782501791256466,0.15558929850897477,72,False,per_turn
Claude,9,U3,SEN,0.369492424575619,0.001402076881040275,0.028030107617882914,72,True,per_turn
Claude,9,U3,AUR,0.1798552677423009,0.13059225209400543,0.40184586219675805,72,False,per_turn
Claude,9,U3,TD,-0.15252438014856723,0.2008758351362023,0.402299988306548,72,False,per_turn
Claude,9,U3,FIX,0.2361155759882212,0.04584986146480626,0.1978879076482737,72,False,per_turn
Claude,9,U3,RT,0.23440361546924776,0.04749309783558568,0.1978879076482737,72,False,per_turn
Claude,9,U3,TN,0.11032879470779017,0.3562119333248367,0.6141585057324771,72,False,per_turn
Claude,9,U3,QOC,-0.052459799638556896,0.6616420542806611,0.7351578380896234,72,False,per_turn
Claude,9,U3,LM,0.2040207403526115,0.08561313723964727,0.30576120442731164,72,False,per_turn
Claude,9,U3,ME,-0.11593584473035558,0.3321429375132122,0.5931895133448458,72,False,per_turn
Claude,9,U3,EMP,0.3817708577854667,0.0009362049124034097,0.028030107617882914,72,True,per_turn
Claude,9,U4,SEN,-0.11592555877745687,0.3321861274731137,0.5931895133448458,72,False,per_turn
Claude,9,U4,AUR,-0.03529208240687335,0.7685180540397403,0.8005396396247294,72,False,per_turn
Claude,9,U4,TD,0.16662272356631405,0.1618438896566312,0.40184586219675805,72,False,per_turn
Claude,9,U4,FIX,0.06703317877272506,0.5758406449496232,0.6888768240204738,72,False,per_turn
Claude,9,U4,RT,-0.06950480468569159,0.5618145931120213,0.6888768240204738,72,False,per_turn
Claude,9,U4,TN,0.027262027336984355,0.8201751917116115,0.8201751917116114,72,False,per_turn
Claude,9,U4,QOC,-0.03888813873912677,0.7456924202571691,0.7932898087842224,72,False,per_turn
Claude,9,U4,LM,-0.02749806661015982,0.8186446381128492,0.8201751917116114,72,False,per_turn
Claude,9,U4,ME,-0.07366504712629376,0.5385775386062361,0.6888768240204738,72,False,per_turn
Claude,9,U4,EMP,0.053905614390290256,0.6529078113166995,0.7351578380896234,72,False,per_turn
Claude,9,U5,SEN,0.14977989716683585,0.20919599391940497,0.402299988306548,72,False,per_turn
Claude,9,U5,AUR,0.08300636061513483,0.4881820705320211,0.6888768240204738,72,False,per_turn
Claude,9,U5,TD,0.06355957051872586,0.595821635525307,0.6928158552619849,72,False,per_turn
Claude,9,U5,FIX,0.1610290006306043,0.17659933975642308,0.40184586219675805,72,False,per_turn
Claude,9,U5,RT,0.16314148267432052,0.17091576496708363,0.40184586219675805,72,False,per_turn
Claude,9,U5,TN,0.2204403896712235,0.0627832906912858,0.24147419496648384,72,False,per_turn
Claude,9,U5,QOC,-0.047872169208182935,0.6896510475564486,0.749620703865705,72,False,per_turn
Claude,9,U5,LM,0.2439621518941047,0.03890650752956838,0.1978879076482737,72,False,per_turn
Claude,9,U5,ME,-0.17994558577973083,0.13039595282299793,0.40184586219675805,72,False,per_turn
Claude,9,U5,EMP,0.33361367465899244,0.004185961110065156,0.05232451387581445,72,False,per_turn
Claude,10,U1,SEN,0.37282767753648793,0.001364619821647547,0.027301453736880064,71,True,per_turn
Claude,10,U1,AUR,0.4256630750617067,0.00021498961385154608,0.010749480692577303,71,True,per_turn
Claude,10,U1,TD,0.0094080755619998,0.9379327023342232,0.9938831106476012,71,False,per_turn
Claude,10,U1,FIX,0.16834508407736462,0.16050936066459823,0.5350312022153274,71,False,per_turn
Claude,10,U1,RT,0.24858908753567735,0.03658141431953978,0.2588528484878218,71,False,per_turn
Claude,10,U1,TN,0.08813651046188128,0.46484420751550226,0.7497487217991972,71,False,per_turn
Claude,10,U1,QOC,0.14001085608319244,0.24419769572364985,0.6111760067178098,71,False,per_turn
Claude,10,U1,LM,0.2573727355356,0.030249117394294617,0.2520759782857885,71,False,per_turn
Claude,10,U1,ME,-0.08339754677290803,0.4892809618718451,0.7583326496471381,71,False,per_turn
Claude,10,U1,EMP,0.131334232092331,0.27494912664452387,0.6111760067178098,71,False,per_turn
Claude,10,U2,SEN,0.1914051421604243,0.109819849434615,0.49918113379370455,71,False,per_turn
Claude,10,U2,AUR,0.11843130509275841,0.325275733904161,0.6239566403587861,71,False,per_turn
Claude,10,U2,TD,0.20650962702351286,0.08401098847450905,0.4667277137472725,71,False,per_turn
Claude,10,U2,FIX,0.10982767850243012,0.36189485140809596,0.6239566403587861,71,False,per_turn
Claude,10,U2,RT,0.17514570117741662,0.1440353571764063,0.5350312022153274,71,False,per_turn
Claude,10,U2,TN,0.08126399467953999,0.5004995487671111,0.7583326496471381,71,False,per_turn
Claude,10,U2,QOC,-0.06307451778665582,0.6012787751383992,0.7850795744397899,71,False,per_turn
Claude,10,U2,LM,0.1705971338961419,0.15490653558390008,0.5350312022153274,71,False,per_turn
Claude,10,U2,ME,-0.12135760728242752,0.31337820476149897,0.6239566403587861,71,False,per_turn
Claude,10,U2,EMP,0.18582391192470307,0.12077359274263082,0.5032233030942951,71,False,per_turn
Claude,10,U3,SEN,0.3578561862830515,0.002184116298950405,0.027301453736880064,71,True,per_turn
Claude,10,U3,AUR,0.36613651013787746,0.0016884949650275373,0.027301453736880064,71,True,per_turn
Claude,10,U3,TD,0.028398270913477186,0.8141403471115995,0.9466748222227902,71,False,per_turn
Claude,10,U3,FIX,0.12627444539687144,0.29402690999110215,0.6125560624814628,71,False,per_turn
Claude,10,U3,RT,0.28312884579257913,0.016733207900545888,0.16733207900545888,71,False,per_turn
Claude,10,U3,TN,0.15987481114027288,0.18292523601135846,0.5716413625354952,71,False,per_turn
Claude,10,U3,QOC,-0.004071886845419678,0.973115223555227,0.9938831106476012,71,False,per_turn
Claude,10,U3,LM,0.13102171392418394,0.27610293974412226,0.6111760067178098,71,False,per_turn
Claude,10,U3,ME,-0.07421208623080111,0.5385073395094203,0.7596222583542601,71,False,per_turn
Claude,10,U3,EMP,0.1362360943813418,0.2572726095121744,0.6111760067178098,71,False,per_turn
Claude,10,U4,SEN,-0.11033545687347408,0.35966597544263335,0.6239566403587861,71,False,per_turn
Claude,10,U4,AUR,0.0,1.0,1.0,71,False,per_turn
Claude,10,U4,TD,0.07691484178995084,0.5237746309188258,0.7596222583542601,71,False,per_turn
Claude,10,U4,FIX,-0.014151972337702223,0.9067524052364002,0.9938831106476012,71,False,per_turn
Claude,10,U4,RT,-0.012019369677319846,0.9207548587382146,0.9938831106476012,71,False,per_turn
Claude,10,U4,TN,-0.0496876576794375,0.6807070454416813,0.8301305432215624,71,False,per_turn
Claude,10,U4,QOC,-0.05704363798383844,0.6365616511416707,0.7957020639270884,71,False,per_turn
Claude,10,U4,LM,-0.14364795894088395,0.23203836326469154,0.6111760067178098,71,False,per_turn
Claude,10,U4,ME,-0.041585903947573,0.7305918753722507,0.8697522325860128,71,False,per_turn
Claude,10,U4,EMP,-0.06893018025836396,0.567873160407492,0.7673961627128271,71,False,per_turn
Claude,10,U5,SEN,0.0726836201883441,0.5469280260150673,0.7596222583542601,71,False,per_turn
Claude,10,U5,AUR,-0.003937008596190433,0.9740054484346492,0.9938831106476012,71,False,per_turn
Claude,10,U5,TD,0.19229594982460949,0.10814499040290518,0.49918113379370455,71,False,per_turn
Claude,10,U5,FIX,0.06116408889415642,0.6123620680630362,0.7850795744397899,71,False,per_turn
Claude,10,U5,RT,0.11487971444327816,0.34009629261153174,0.6239566403587861,71,False,per_turn
Claude,10,U5,TN,0.24270105024618088,0.04141645575805149,0.2588528484878218,71,False,per_turn
Claude,10,U5,QOC,0.09007790481190485,0.4550284852912734,0.7497487217991972,71,False,per_turn
Claude,10,U5,LM,0.14149107684318035,0.23919734984848384,0.6111760067178098,71,False,per_turn
Claude,10,U5,ME,-0.023157083520081168,0.8479871898980254,0.9636218067023016,71,False,per_turn
Claude,10,U5,EMP,0.12966723203639674,0.2811409630901925,0.6111760067178098,71,False,per_turn
Gemini,1,U1,SEN,0.4237997683186614,0.00020760563921206064,0.005190140980301516,72,True,per_turn
Gemini,1,U1,AUR,0.12030209807174458,0.31413027162292817,0.6810040357945715,72,False,per_turn
Gemini,1,U1,TD,-0.09736579779894539,0.41584394322786167,0.7298041618178668,72,False,per_turn
Gemini,1,U1,FIX,0.12436633023672368,0.29793965972840325,0.6810040357945715,72,False,per_turn
Gemini,1,U1,RT,0.11412288755679552,0.33981020771388937,0.6810040357945715,72,False,per_turn
Gemini,1,U1,TN,0.17501532010140108,0.14144288185908085,0.5051531494967173,72,False,per_turn
Gemini,1,U1,QOC,-0.16365118859870892,0.16956471482465063,0.561662547568039,72,False,per_turn
Gemini,1,U1,LM,0.25159403304036265,0.033014595865097904,0.2063412241568619,72,False,per_turn
Gemini,1,U1,ME,,,1.0,72,False,per_turn
Gemini,1,U1,EMP,0.2677110281189365,0.022995033655630746,0.2004990529171189,72,False,per_turn
Gemini,1,U2,SEN,0.03216216305539244,0.7885468061493305,1.0,72,False,per_turn
Gemini,1,U2,AUR,0.1990925267215028,0.09361678257979544,0.4255308299081611,72,False,per_turn
Gemini,1,U2,TD,0.01322933568830745,0.9121755717683888,1.0,72,False,per_turn
Gemini,1,U2,FIX,0.1351399668332503,0.25770466030006567,0.6442616507501642,72,False,per_turn
Gemini,1,U2,RT,0.09582691155216808,0.4232864138543627,0.7298041618178668,72,False,per_turn
Gemini,1,U2,TN,-0.08265705226720861,0.49002066882143414,0.790355917453926,72,False,per_turn
Gemini,1,U2,QOC,-0.2657428091274405,0.024059886350054266,0.2004990529171189,72,False,per_turn
Gemini,1,U2,LM,0.25830676871881086,0.02846838314293724,0.20334559387812315,72,False,per_turn
Gemini,1,U2,ME,,,1.0,72,False,per_turn
Gemini,1,U2,EMP,-0.0607353004083783,0.6122917165735882,0.9277147220811942,72,False,per_turn
Gemini,1,U3,SEN,0.7507571935295483,3.1080344349264777e-14,1.5540172174632389e-12,72,True,per_turn
Gemini,1,U3,AUR,0.09594613644680662,0.4227070985389908,0.7298041618178668,72,False,per_turn
Gemini,1,U3,TD,0.02373836265252039,0.8431003928846641,1.0,72,False,per_turn
Gemini,1,U3,FIX,0.1514564891325506,0.2040847118983552,0.583583321773516,72,False,per_turn
Gemini,1,U3,RT,0.14948964381748547,0.21008999583846577,0.583583321773516,72,False,per_turn
Gemini,1,U3,TN,0.29097914721873774,0.013147845822627301,0.2004990529171189,72,False,per_turn
Gemini,1,U3,QOC,-0.045374490426064576,0.7050799753873724,0.9792777435935728,72,False,per_turn
Gemini,1,U3,LM,0.08545101386615347,0.47541706481296864,0.790355917453926,72,False,per_turn
Gemini,1,U3,ME,,,1.0,72,False,per_turn
Gemini,1,U3,EMP,0.266753622761092,0.023507901444705707,0.2004990529171189,72,False,per_turn
Gemini,1,U4,SEN,-0.11396057645963793,0.34050201789728574,0.6810040357945715,72,False,per_turn
Gemini,1,U4,AUR,-0.021122153623189217,0.8602072994214336,1.0,72,False,per_turn
Gemini,1,U4,TD,0.056738391317611464,0.6359300067783487,0.935191186438748,72,False,per_turn
Gemini,1,U4,FIX,0.1187827741832997,0.32032545186437245,0.6810040357945715,72,False,per_turn
Gemini,1,U4,RT,0.06999417104065442,0.5590568096668171,0.8735262651044018,72,False,per_turn
Gemini,1,U4,TN,-0.14489282743356427,0.22461049904540384,0.5910802606457995,72,False,per_turn
Gemini,1,U4,QOC,-0.2005747889056141,0.09115010202964767,0.4255308299081611,72,False,per_turn
Gemini,1,U4,LM,-0.04646488631204962,0.6983292214899407,0.9792777435935728,72,False,per_turn
Gemini,1,U4,ME,,,1.0,72,False,per_turn
Gemini,1,U4,EMP,-0.10265082880736867,0.3908666213998141,0.7298041618178668,72,False,per_turn
Gemini,1,U5,SEN,0.1857286976200906,0.11828730293269787,0.45495116512576106,72,False,per_turn
Gemini,1,U5,AUR,0.2323626633470208,0.049515105518573084,0.27508391954762823,72,False,per_turn
Gemini,1,U5,TD,0.03662683431364049,0.7600217392419101,1.0,72,False,per_turn
Gemini,1,U5,FIX,0.03186131482367199,0.7904794249103568,1.0,72,False,per_turn
Gemini,1,U5,RT,0.027472795101003256,0.8188084743918911,1.0,72,False,per_turn
Gemini,1,U5,TN,0.025495840680856467,0.8316486023676335,1.0,72,False,per_turn
Gemini,1,U5,QOC,-0.15988577993158798,0.17973201522177248,0.561662547568039,72,False,per_turn
Gemini,1,U5,LM,0.19204737873076513,0.10606429962216248,0.44193458175901035,72,False,per_turn
Gemini,1,U5,ME,,,1.0,72,False,per_turn
Gemini,1,U5,EMP,0.005318937402730374,0.9646309227523062,1.0,72,False,per_turn
Gemini,2,U1,SEN,0.4594720880380312,4.907282785010684e-05,0.0008178804641684473,72,True,per_turn
Gemini,2,U1,AUR,0.1504397692094082,0.20717357921596732,0.5179339480399183,72,False,per_turn
Gemini,2,U1,TD,-0.0020704079549248955,0.9862287642855195,1.0,72,False,per_turn
Gemini,2,U1,FIX,0.3530159335416769,0.0023533441482288106,0.023533441482288107,72,True,per_turn
Gemini,2,U1,RT,0.17415340186302009,0.14344431005234723,0.42189502956572716,72,False,per_turn
Gemini,2,U1,TN,0.1349702763111679,0.2583083013078389,0.5663231110442536,72,False,per_turn
Gemini,2,U1,QOC,0.038173651005110644,0.7502109166560008,0.9871196271789484,72,False,per_turn
Gemini,2,U1,LM,0.18331450004816305,0.123232754285848,0.39173121714995596,72,False,per_turn
Gemini,2,U1,ME,,,1.0,72,False,per_turn
Gemini,2,U1,EMP,0.5198553338008572,2.871054471204982e-06,7.177636178012455e-05,72,True,per_turn
Gemini,2,U2,SEN,0.1545387716331018,0.19492122312777568,0.5129505871783571,72,False,per_turn
Gemini,2,U2,AUR,0.10023248439705179,0.40218328548769633,0.7447838620142525,72,False,per_turn
Gemini,2,U2,TD,0.06194161533815519,0.6052328183249449,0.9170194217044619,72,False,per_turn
Gemini,2,U2,FIX,0.19716516703837286,0.09690215669225848,0.39173121714995596,72,False,per_turn
Gemini,2,U2,RT,0.09099910867350561,0.44712398212520277,0.7793946712541024,72,False,per_turn
Gemini,2,U2,TN,-0.04006319020132019,0.7382799117611597,0.9871196271789484,72,False,per_turn
Gemini,2,U2,QOC,-0.2958885169143063,0.011618051656515312,0.08298608326082366,72,False,per_turn
Gemini,2,U2,LM,0.053309103151564535,0.6565058137794111,0.941699375877791,72,False,per_turn
Gemini,2,U2,ME,,,1.0,72,False,per_turn
Gemini,2,U2,EMP,0.00016212060705909415,0.9989216091992728,1.0,72,False,per_turn
Gemini,2,U3,SEN,0.7790174143548603,7.785846564846487e-16,3.8929232824232435e-14,72,True,per_turn
Gemini,2,U3,AUR,0.11762716578960179,0.32508950799166014,0.6251721307531926,72,False,per_turn
Gemini,2,U3,TD,0.13123605690964066,0.2718350933012417,0.5663231110442536,72,False,per_turn
Gemini,2,U3,FIX,0.2596294122835259,0.027637872808794546,0.13818936404397272,72,False,per_turn
Gemini,2,U3,RT,0.18230164975202204,0.1253539894879859,0.39173121714995596,72,False,per_turn
Gemini,2,U3,TN,0.18526815716914743,0.11921876494626076,0.39173121714995596,72,False,per_turn
Gemini,2,U3,QOC,0.26008873310379055,0.02735428180523914,0.13818936404397272,72,False,per_turn
Gemini,2,U3,LM,0.04927071614919514,0.6810661289509393,0.9459251790985268,72,False,per_turn
Gemini,2,U3,ME,,,1.0,72,False,per_turn
Gemini,2,U3,EMP,0.41568229810659924,0.0002820620586151558,0.0035257757326894474,72,True,per_turn
Gemini,2,U4,SEN,0.12507270025494255,0.29518238169739835,0.5903647633947967,72,False,per_turn
Gemini,2,U4,AUR,-0.13382992102364116,0.2623897659981046,0.5663231110442536,72,False,per_turn
Gemini,2,U4,TD,0.3457044185039639,0.002936101417446415,0.02446751181205346,72,True,per_turn
Gemini,2,U4,FIX,0.009627259863352604,0.9360287606761054,1.0,72,False,per_turn
Gemini,2,U4,RT,-0.06759886486836103,0.5726162380030182,0.8947128718797159,72,False,per_turn
Gemini,2,U4,TN,-0.08695830499875655,0.46763680275246144,0.7793946712541024,72,False,per_turn
Gemini,2,U4,QOC,0.05286500709784614,0.6591895631144536,0.941699375877791,72,False,per_turn
Gemini,2,U4,LM,0.033799432434180515,0.7780517458954392,0.9975022383274862,72,False,per_turn
Gemini,2,U4,ME,,,1.0,72,False,per_turn
Gemini,2,U4,EMP,-0.0872240976868601,0.4662720443760666,0.7793946712541024,72,False,per_turn
Gemini,2,U5,SEN,0.14455555279685642,0.2257028482538232,0.5373877339376743,72,False,per_turn
Gemini,2,U5,AUR,0.1831904698835098,0.1234910301518889,0.39173121714995596,72,False,per_turn
Gemini,2,U5,TD,-0.0066914579258800806,0.9555124498965377,1.0,72,False,per_turn
Gemini,2,U5,FIX,0.27379193225201715,0.01995454370193984,0.12471589813712401,72,False,per_turn
Gemini,2,U5,RT,0.15755992879976644,0.18622971119818205,0.5129505871783571,72,False,per_turn
Gemini,2,U5,TN,0.012661343613489424,0.9159322607696432,1.0,72,False,per_turn
Gemini,2,U5,QOC,-0.23595219220253583,0.04600463590040683,0.20911198136548556,72,False,per_turn
Gemini,2,U5,LM,0.07710664315094772,0.5197178784108945,0.8382546425982168,72,False,per_turn
Gemini,2,U5,ME,,,1.0,72,False,per_turn
Gemini,2,U5,EMP,-0.018734502104358886,0.8758761405431645,1.0,72,False,per_turn
Gemini,3,U1,SEN,0.36740471675703457,0.0014994257292318483,0.02644351355520647,72,True,per_turn
Gemini,3,U1,AUR,0.1645933948058454,0.16708791541235235,0.3797452623008008,72,False,per_turn
Gemini,3,U1,TD,-0.034893157889942655,0.7710627341670423,1.0,72,False,per_turn
Gemini,3,U1,FIX,0.24881495601168208,0.035067106553032745,0.10958470797822734,72,False,per_turn
Gemini,3,U1,RT,0.30534156460328193,0.009102731722465635,0.05689207326541022,72,False,per_turn
Gemini,3,U1,TN,0.27383400183040135,0.01993476728850968,0.08306153036879034,72,False,per_turn
Gemini,3,U1,QOC,-0.012128549172743695,0.9194578253573937,1.0,72,False,per_turn
Gemini,3,U1,LM,0.32335821103754775,0.005594976950742534,0.04662480792285445,72,True,per_turn
Gemini,3,U1,ME,,,1.0,72,False,per_turn
Gemini,3,U1,EMP,0.3280034294357865,0.004911852878091443,0.04662480792285445,72,True,per_turn
Gemini,3,U2,SEN,0.011779691004520908,0.921767105396875,1.0,72,False,per_turn
Gemini,3,U2,AUR,0.0482878844353667,0.6870950531952532,0.9843934432271185,72,False,per_turn
Gemini,3,U2,TD,0.01566237010893414,0.8961062547789508,1.0,72,False,per_turn
Gemini,3,U2,FIX,0.1450272565207399,0.22417614832618366,0.48733945288300795,72,False,per_turn
Gemini,3,U2,RT,0.034999115090958606,0.7703866125934571,1.0,72,False,per_turn
Gemini,3,U2,TN,-0.028647792721972876,0.8111992145589111,1.0,72,False,per_turn
Gemini,3,U2,QOC,-0.181013831759981,0.12809116367915446,0.3202279091978862,72,False,per_turn
Gemini,3,U2,LM,0.16532894852082405,0.16517291374338627,0.3797452623008008,72,False,per_turn
Gemini,3,U2,ME,,,1.0,72,False,per_turn
Gemini,3,U2,EMP,-0.0453713288250947,0.7050995825612953,0.9843934432271185,72,False,per_turn
Gemini,3,U3,SEN,0.7083529542071926,3.404241674937967e-12,1.7021208374689833e-10,72,True,per_turn
Gemini,3,U3,AUR,0.25004748531389914,0.034144027386077344,0.10958470797822734,72,False,per_turn
Gemini,3,U3,TD,-0.014602041508114227,0.9031046043685973,1.0,72,False,per_turn
Gemini,3,U3,FIX,0.2545957446867576,0.030911650585222956,0.10958470797822734,72,False,per_turn
Gemini,3,U3,RT,0.2824586760280177,0.016218202933974298,0.07371910424533772,72,False,per_turn
Gemini,3,U3,TN,0.2857849629884267,0.01495314401956253,0.07371910424533772,72,False,per_turn
Gemini,3,U3,QOC,0.26659059793332224,0.02359619193624675,0.0907545843701798,72,False,per_turn
Gemini,3,U3,LM,0.09473993316954679,0.4285889854457917,0.8242095873957532,72,False,per_turn
Gemini,3,U3,ME,,,1.0,72,False,per_turn
Gemini,3,U3,EMP,0.2837045585411758,0.015733984843704918,0.07371910424533772,72,False,per_turn
Gemini,3,U4,SEN,0.36563621206356534,0.0015866108133123882,0.02644351355520647,72,True,per_turn
Gemini,3,U4,AUR,-0.13874918701886407,0.2450919895074862,0.5106083114739296,72,False,per_turn
Gemini,3,U4,TD,0.30789676868727806,0.008510454977850425,0.05689207326541022,72,False,per_turn
Gemini,3,U4,FIX,-0.08300785078007847,0.48817423479550315,0.8808353110306216,72,False,per_turn
Gemini,3,U4,RT,-0.044781107551989906,0.7087632791235254,0.9843934432271185,72,False,per_turn
Gemini,3,U4,TN,-0.07230572631217326,0.5461178928389854,0.8808353110306216,72,False,per_turn
Gemini,3,U4,QOC,0.19779246336057474,0.09582311211435846,0.28183268268928957,72,False,per_turn
Gemini,3,U4,LM,-0.07970346349610923,0.5057115916657176,0.8808353110306216,72,False,per_turn
Gemini,3,U4,ME,,,1.0,72,False,per_turn
Gemini,3,U4,EMP,-0.07265778732150983,0.5441600554201621,0.8808353110306216,72,False,per_turn
Gemini,3,U5,SEN,0.18651673063729293,0.11670643967002152,0.30712220965795134,72,False,per_turn
Gemini,3,U5,AUR,0.06250429137270991,0.6019525018742925,0.9120492452640796,72,False,per_turn
Gemini,3,U5,TD,0.016532941119471352,0.8903662204779819,1.0,72,False,per_turn
Gemini,3,U5,FIX,0.11712347906361878,0.32718002340101215,0.6543600468020243,72,False,per_turn
Gemini,3,U5,RT,0.07392423661317081,0.5371455975329806,0.8808353110306216,72,False,per_turn
Gemini,3,U5,TN,0.0033880444717315247,0.97746639440447,1.0,72,False,per_turn
Gemini,3,U5,QOC,-0.3408100617499172,0.0033950322336606083,0.0424379029207576,72,True,per_turn
Gemini,3,U5,LM,0.19085460887023448,0.10829326620001603,0.3008146283333779,72,False,per_turn
Gemini,3,U5,ME,,,1.0,72,False,per_turn
Gemini,3,U5,EMP,-0.0637831938739862,0.5945260340060206,0.9120492452640796,72,False,per_turn
Gemini,4,U1,SEN,0.4416966706092453,0.00010271742916004971,0.002567935729001243,72,True,per_turn
Gemini,4,U1,AUR,0.34689266612005865,0.0028334017591077516,0.02361168132589793,72,True,per_turn
Gemini,4,U1,TD,0.0038326837484856154,0.9745100625002534,1.0,72,False,per_turn
Gemini,4,U1,FIX,0.1502772212310314,0.20767047243548967,0.5003102262494862,72,False,per_turn
Gemini,4,U1,RT,0.2943160922562054,0.012090279131229972,0.061959817090649315,72,False,per_turn
Gemini,4,U1,TN,0.11989949219386728,0.315764373891771,0.5847488405403166,72,False,per_turn
Gemini,4,U1,QOC,0.1349296069024486,0.2584531171675332,0.5497991060429931,72,False,per_turn
Gemini,4,U1,LM,0.3640571049514614,0.0016682888399035922,0.020853610498794903,72,True,per_turn
Gemini,4,U1,ME,,,1.0,72,False,per_turn
Gemini,4,U1,EMP,0.3516037537387499,0.0024570804316169717,0.02361168132589793,72,True,per_turn
Gemini,4,U2,SEN,0.019710605772804625,0.8694644030070364,1.0,72,False,per_turn
Gemini,4,U2,AUR,0.07910309808050488,0.5089323698319594,0.7671036066063991,72,False,per_turn
Gemini,4,U2,TD,0.09667710208632278,0.41916527342564835,0.710274908571398,72,False,per_turn
Gemini,4,U2,FIX,-0.2933392032982619,0.012391963418129863,0.061959817090649315,72,False,per_turn
Gemini,4,U2,RT,-0.2223899508534527,0.060435598409951954,0.21584142289268554,72,False,per_turn
Gemini,4,U2,TN,-0.02544838004944247,0.8319574098920984,1.0,72,False,per_turn
Gemini,4,U2,QOC,-0.1424404428584401,0.23263777858635729,0.5287222240599029,72,False,per_turn
Gemini,4,U2,LM,0.05134796077253123,0.6683895897227692,0.8963021236425088,72,False,per_turn
Gemini,4,U2,ME,,,1.0,72,False,per_turn
Gemini,4,U2,EMP,0.19416455224614848,0.1021957230722431,0.29216004502735415,72,False,per_turn
Gemini,4,U3,SEN,0.7227641798688508,7.605361722759455e-13,3.802680861379728e-11,72,True,per_turn
Gemini,4,U3,AUR,0.25134302836991523,0.033195746583548465,0.15088975719794756,72,False,per_turn
Gemini,4,U3,TD,0.04996768272639641,0.6768027903746077,0.8963021236425088,72,False,per_turn
Gemini,4,U3,FIX,0.23984244100543872,0.0424342949581062,0.1768095623254425,72,False,per_turn
Gemini,4,U3,RT,0.2947304713940066,0.011964246229586455,0.061959817090649315,72,False,per_turn
Gemini,4,U3,TN,0.2069091054605597,0.08118000355210239,0.25368751110031995,72,False,per_turn
Gemini,4,U3,QOC,0.1278970135461086,0.28432540884430474,0.5673003948868145,72,False,per_turn
Gemini,4,U3,LM,0.13341001659396692,0.2639035709006367,0.5497991060429931,72,False,per_turn
Gemini,4,U3,ME,,,1.0,72,False,per_turn
Gemini,4,U3,EMP,0.41355187301028257,0.0003052987357528339,0.005088312262547232,72,True,per_turn
Gemini,4,U4,SEN,-0.0823666225822317,0.4915521273438256,0.7671036066063991,72,False,per_turn
Gemini,4,U4,AUR,-0.07675481535887743,0.5216304524923514,0.7671036066063991,72,False,per_turn
Gemini,4,U4,TD,0.14947658060612626,0.21013029502478417,0.5003102262494862,72,False,per_turn
Gemini,4,U4,FIX,-0.05466516567293301,0.6483378096948136,0.8963021236425088,72,False,per_turn
Gemini,4,U4,RT,-0.09523588088788772,0.42616494514283876,0.710274908571398,72,False,per_turn
Gemini,4,U4,TN,0.09212448364533983,0.44150159137196,0.7120993409225161,72,False,per_turn
Gemini,4,U4,QOC,-0.22745362185686524,0.05466900400039971,0.21026540000153734,72,False,per_turn
Gemini,4,U4,LM,-0.12512055107421416,0.29499620534114357,0.5673003948868145,72,False,per_turn
Gemini,4,U4,ME,,,1.0,72,False,per_turn
Gemini,4,U4,EMP,0.014905132631453474,0.9011033755639226,1.0,72,False,per_turn
Gemini,4,U5,SEN,0.19252727126632768,0.1051776162098475,0.29216004502735415,72,False,per_turn
Gemini,4,U5,AUR,0.1655652164932291,0.16456123707581494,0.43305588704161824,72,False,per_turn
Gemini,4,U5,TD,0.012980919051020064,0.9138183634263641,1.0,72,False,per_turn
Gemini,4,U5,FIX,-0.03028041576063131,0.8006554312424625,1.0,72,False,per_turn
Gemini,4,U5,RT,0.03409416172205177,0.7761666418099695,0.9950854382179096,72,False,per_turn
Gemini,4,U5,TN,0.09598514665722507,0.42251764612265785,0.710274908571398,72,False,per_turn
Gemini,4,U5,QOC,-0.04925055333791662,0.6811896139683067,0.8963021236425088,72,False,per_turn
Gemini,4,U5,LM,0.216953771541807,0.06716553154901381,0.22388510516337937,72,False,per_turn
Gemini,4,U5,ME,,,1.0,72,False,per_turn
Gemini,4,U5,EMP,0.33792279079389964,0.0036947795419101513,0.026391282442215367,72,True,per_turn
Gemini,5,U1,SEN,0.4630266394208758,4.2124700743771825e-05,0.0010531175185942957,72,True,per_turn
Gemini,5,U1,AUR,0.2659833265733497,0.023927557591100147,0.13293087550611193,72,False,per_turn
Gemini,5,U1,TD,0.08320965924371788,0.4871136784025544,0.8278168539001285,72,False,per_turn
Gemini,5,U1,FIX,0.08483348312235688,0.47862455058597186,0.8278168539001285,72,False,per_turn
Gemini,5,U1,RT,0.06882843930662175,0.5656367510498408,0.885820471352542,72,False,per_turn
Gemini,5,U1,TN,0.04124169309765982,0.7308694648008949,0.9876614389201283,72,False,per_turn
Gemini,5,U1,QOC,0.12529654356076234,0.2943121219729926,0.6398089608108535,72,False,per_turn
Gemini,5,U1,LM,0.3385173211304314,0.003631200436949105,0.030260003641242542,72,True,per_turn
Gemini,5,U1,ME,,,1.0,72,False,per_turn
Gemini,5,U1,EMP,0.34064905601971746,0.003411158822144261,0.030260003641242542,72,True,per_turn
Gemini,5,U2,SEN,0.24288647710173253,0.039803239926383904,0.18092381784719958,72,False,per_turn
Gemini,5,U2,AUR,0.03614706514545663,0.7630724908948832,1.0,72,False,per_turn
Gemini,5,U2,TD,0.15362889743112243,0.19759496367033494,0.5574044718218778,72,False,per_turn
Gemini,5,U2,FIX,0.010477777994841685,0.9303907155525423,1.0,72,False,per_turn
Gemini,5,U2,RT,-0.09125569234811835,0.44583859148419436,0.8256270212670266,72,False,per_turn
Gemini,5,U2,TN,-0.05642643324474757,0.6377907393738302,0.885820471352542,72,False,per_turn
Gemini,5,U2,QOC,-0.15259476509750292,0.200665609855876,0.5574044718218778,72,False,per_turn
Gemini,5,U2,LM,0.32063469150377466,0.006033359087322563,0.043095422052304024,72,True,per_turn
Gemini,5,U2,ME,,,1.0,72,False,per_turn
Gemini,5,U2,EMP,0.19248450770479283,0.10525639483916457,0.4048322878429407,72,False,per_turn
Gemini,5,U3,SEN,0.9281909617845143,9.031478004040822e-32,4.5157390020204106e-30,72,True,per_turn
Gemini,5,U3,AUR,0.36805987684307956,0.0014682395176253105,0.02447065862708851,72,True,per_turn
Gemini,5,U3,TD,0.03319442482899837,0.781925402139761,1.0,72,False,per_turn
Gemini,5,U3,FIX,0.16820348008969885,0.15784401364846454,0.5261467121615485,72,False,per_turn
Gemini,5,U3,RT,0.15574077468426092,0.19142897978915843,0.5574044718218778,72,False,per_turn
Gemini,5,U3,TN,0.13987210570851855,0.2412558108620572,0.5661251904169838,72,False,per_turn
Gemini,5,U3,QOC,-0.02530225501128653,0.8329083467867913,1.0,72,False,per_turn
Gemini,5,U3,LM,0.13883861315765336,0.2447849612367649,0.5661251904169838,72,False,per_turn
Gemini,5,U3,ME,,,1.0,72,False,per_turn
Gemini,5,U3,EMP,0.34422705090932,0.003068416363057986,0.030260003641242542,72,True,per_turn
Gemini,5,U4,SEN,-0.06842714554540208,0.5679102328832504,0.885820471352542,72,False,per_turn
Gemini,5,U4,AUR,-0.10631993774473308,0.3740629454400709,0.7193518181539825,72,False,per_turn
Gemini,5,U4,TD,-0.10678365665943722,0.37197080342321176,0.7193518181539825,72,False,per_turn
Gemini,5,U4,FIX,0.08139569275564797,0.4966901123400771,0.8278168539001285,72,False,per_turn
Gemini,5,U4,RT,0.11012614113955867,0.3571015134160843,0.7193518181539825,72,False,per_turn
Gemini,5,U4,TN,0.060683819776495895,0.6125937528080535,0.885820471352542,72,False,per_turn
Gemini,5,U4,QOC,0.0020943797748739002,0.9860693324456569,1.0,72,False,per_turn
Gemini,5,U4,LM,-0.18131135375077745,0.1274547969031322,0.45519570322547215,72,False,per_turn
Gemini,5,U4,ME,,,1.0,72,False,per_turn
Gemini,5,U4,EMP,-0.14872823369231208,0.21244804406233725,0.5590738001640454,72,False,per_turn
Gemini,5,U5,SEN,0.22996120587386992,0.051984186550403995,0.21660077729335,72,False,per_turn
Gemini,5,U5,AUR,0.29357853637718856,0.0123174552885855,0.07698409555365938,72,False,per_turn
Gemini,5,U5,TD,0.06396433963573281,0.5934774583564635,0.885820471352542,72,False,per_turn
Gemini,5,U5,FIX,-0.0028494191872849195,0.9810480254021918,1.0,72,False,per_turn
Gemini,5,U5,RT,0.05643194758669218,0.6377578286048803,0.885820471352542,72,False,per_turn
Gemini,5,U5,TN,0.01745957229630321,0.8842627360735251,1.0,72,False,per_turn
Gemini,5,U5,QOC,0.030280316314792666,0.8006560724218043,1.0,72,False,per_turn
Gemini,5,U5,LM,0.13759019950897514,0.24909508378347286,0.5661251904169838,72,False,per_turn
Gemini,5,U5,ME,,,1.0,72,False,per_turn
Gemini,5,U5,EMP,0.24835146140961978,0.035419581961637504,0.17709790980818751,72,False,per_turn
Gemini,6,U1,SEN,0.22252090693279897,0.060280485866563614,0.27400220848438006,72,False,per_turn
Gemini,6,U1,AUR,0.32577730778910546,0.005229425343533838,0.046048731324811576,72,True,per_turn
Gemini,6,U1,TD,-0.0770553205193,0.5199966531371985,0.8634437441933696,72,False,per_turn
Gemini,6,U1,FIX,0.3422780174369643,0.0032511023816279004,0.046048731324811576,72,True,per_turn
Gemini,6,U1,RT,0.2657494377720151,0.024056231076758677,0.15035144422974173,72,False,per_turn
Gemini,6,U1,TN,0.1473215707517638,0.21685347550785541,0.5207485270037999,72,False,per_turn
Gemini,6,U1,QOC,-0.055597263928499056,0.6427473179867498,0.9335395873692407,72,False,per_turn
Gemini,6,U1,LM,0.19345659475083496,0.10347690829936038,0.3918224666270438,72,False,per_turn
Gemini,6,U1,ME,,,1.0,72,False,per_turn
Gemini,6,U1,EMP,0.1676861698653311,0.15914484456162098,0.442403252156078,72,False,per_turn
Gemini,6,U2,SEN,0.0013217318610794497,0.9912083003482597,1.0,72,False,per_turn
Gemini,6,U2,AUR,0.03887931482989338,0.7457481717926786,0.9560873997342032,72,False,per_turn
Gemini,6,U2,TD,-0.1101669330558322,0.3569223408531791,0.6863891170253443,72,False,per_turn
Gemini,6,U2,FIX,-0.05464700111805808,0.6484469503362669,0.9335395873692407,72,False,per_turn
Gemini,6,U2,RT,-0.05073045607667658,0.6721485029058534,0.9335395873692407,72,False,per_turn
Gemini,6,U2,TN,-0.1882750344501966,0.1132376938875247,0.3918224666270438,72,False,per_turn
Gemini,6,U2,QOC,-0.23049053561037128,0.05143146928966965,0.25715734644834826,72,False,per_turn
Gemini,6,U2,LM,0.29897668745165973,0.010737034985162859,0.07669310703687757,72,False,per_turn
Gemini,6,U2,ME,,,1.0,72,False,per_turn
Gemini,6,U2,EMP,0.027536459870886088,0.8183957477834488,0.9980435948578644,72,False,per_turn
Gemini,6,U3,SEN,0.6363636363636364,1.882876219384528e-09,9.414381096922641e-08,72,True,per_turn
Gemini,6,U3,AUR,0.2068928072613311,0.0812044967597484,0.33835206983228505,72,False,per_turn
Gemini,6,U3,TD,-0.14153026757900986,0.23566707300378817,0.5207485270037999,72,False,per_turn
Gemini,6,U3,FIX,0.32380476278701537,0.005525847758977389,0.046048731324811576,72,True,per_turn
Gemini,6,U3,RT,0.2305213582693749,0.05139943363018349,0.25715734644834826,72,False,per_turn
Gemini,6,U3,TN,0.17516508989152785,0.14109725856796115,0.4409289330248786,72,False,per_turn
Gemini,6,U3,QOC,0.14157973174366617,0.2355017453475701,0.5207485270037999,72,False,per_turn
Gemini,6,U3,LM,0.1860968420796942,0.11754673998811313,0.3918224666270438,72,False,per_turn
Gemini,6,U3,ME,,,1.0,72,False,per_turn
Gemini,6,U3,EMP,0.3321040003193653,0.0043712752292215445,0.046048731324811576,72,True,per_turn
Gemini,6,U4,SEN,-0.050964719143762556,0.6707215316494678,0.9335395873692407,72,False,per_turn
Gemini,6,U4,AUR,0.08493504876127497,0.4780962201774518,0.8537432503168781,72,False,per_turn
Gemini,6,U4,TD,0.14037705656838215,0.23954432242174795,0.5207485270037999,72,False,per_turn
Gemini,6,U4,FIX,-0.04206155277690554,0.7257285820312183,0.9560873997342032,72,False,per_turn
Gemini,6,U4,RT,0.03524536884251207,0.7688159073709651,0.9610198842137063,72,False,per_turn
Gemini,6,U4,TN,-0.04017257824551137,0.73759106328422,0.9560873997342032,72,False,per_turn
Gemini,6,U4,QOC,-0.11028431027830587,0.3564070876283226,0.6863891170253443,72,False,per_turn
Gemini,6,U4,LM,-0.15649215928719035,0.1892689476250319,0.4980761779606103,72,False,per_turn
Gemini,6,U4,ME,,,1.0,72,False,per_turn
Gemini,6,U4,EMP,0.007011017251785992,0.9533902009398894,1.0,72,False,per_turn
Gemini,6,U5,SEN,0.07425243006655785,0.5353351213998891,0.8634437441933696,72,False,per_turn
Gemini,6,U5,AUR,0.13653356130909527,0.25278343613390564,0.5266321586123034,72,False,per_turn
Gemini,6,U5,TD,-0.058293325862537285,0.6266889885157066,0.9335395873692407,72,False,per_turn
Gemini,6,U5,FIX,-0.0031755460094380758,0.9788793704044454,1.0,72,False,per_turn
Gemini,6,U5,RT,-0.09525166103037552,0.42608794532320526,0.7890517505985282,72,False,per_turn
Gemini,6,U5,TN,-0.1676384773470741,0.15926517077618807,0.442403252156078,72,False,per_turn
Gemini,6,U5,QOC,0.07959481802216631,0.5062936626387586,0.8634437441933696,72,False,per_turn
Gemini,6,U5,LM,0.3346101651158087,0.0040674932793073855,0.046048731324811576,72,True,per_turn
Gemini,6,U5,ME,,,1.0,72,False,per_turn
Gemini,6,U5,EMP,0.006378880967141515,0.9575886264258493,1.0,72,False,per_turn
Gemini,7,U1,SEN,0.42328318821980987,0.0002117435352209133,0.0035290589203485546,72,True,per_turn
Gemini,7,U1,AUR,0.31788417903452343,0.006506533791771978,0.04066583619857486,72,True,per_turn
Gemini,7,U1,TD,-0.06327199523790265,0.5974896023438365,0.8786611799174067,72,False,per_turn
Gemini,7,U1,FIX,0.21530811677071376,0.0693177970921029,0.20273836679072135,72,False,per_turn
Gemini,7,U1,RT,0.251171998101324,0.03331965567366335,0.11899877026308339,72,False,per_turn
Gemini,7,U1,TN,0.0065529758291065394,0.9564322302531834,1.0,72,False,per_turn
Gemini,7,U1,QOC,-0.0710246104967253,0.5532709717053087,0.8382893510686495,72,False,per_turn
Gemini,7,U1,LM,0.3337258629528111,0.004172472357735108,0.03862653557546793,72,True,per_turn
Gemini,7,U1,ME,,,1.0,72,False,per_turn
Gemini,7,U1,EMP,0.16119380589901577,0.17615104117865302,0.40034327540602954,72,False,per_turn
Gemini,7,U2,SEN,0.11584193903206937,0.3325373723645718,0.6158099488232812,72,False,per_turn
Gemini,7,U2,AUR,0.3075420133189385,0.00859061483027542,0.04226277423292973,72,True,per_turn
Gemini,7,U2,TD,-0.02513564202084736,0.8339929048464843,1.0,72,False,per_turn
Gemini,7,U2,FIX,-0.12342385385938323,0.3016446986857299,0.5981319483344387,72,False,per_turn
Gemini,7,U2,RT,-0.03552480785659622,0.767034657442508,1.0,72,False,per_turn
Gemini,7,U2,TN,0.0022786819813918504,0.98484359351417,1.0,72,False,per_turn
Gemini,7,U2,QOC,-0.14847603376497584,0.21323320207720212,0.46355043929826545,72,False,per_turn
Gemini,7,U2,LM,0.3081873805728766,0.008445277163685897,0.04226277423292973,72,True,per_turn
Gemini,7,U2,ME,,,1.0,72,False,per_turn
Gemini,7,U2,EMP,-0.036914654647993816,0.7581932979915413,1.0,72,False,per_turn
Gemini,7,U3,SEN,0.7264891597367923,5.084071975364543e-13,2.5420359876822718e-11,72,True,per_turn
Gemini,7,U3,AUR,0.4773486087332231,2.23782438338671e-05,0.0005594560958466776,72,True,per_turn
Gemini,7,U3,TD,0.007158533600026941,0.9524106274478943,1.0,72,False,per_turn
Gemini,7,U3,FIX,0.35768045166501,0.0020379937721966357,0.025474922152457946,72,True,per_turn
Gemini,7,U3,RT,0.3300491809922247,0.004635184269056151,0.03862653557546793,72,True,per_turn
Gemini,7,U3,TN,0.21259572661443776,0.07298581204465969,0.20273836679072135,72,False,per_turn
Gemini,7,U3,QOC,0.08751737883512653,0.4647686558223235,0.7746144263705391,72,False,per_turn
Gemini,7,U3,LM,0.30453172950067997,0.00929781033124454,0.04226277423292973,72,True,per_turn
Gemini,7,U3,ME,,,1.0,72,False,per_turn
Gemini,7,U3,EMP,0.32105589534313017,0.005963642726932294,0.04066583619857486,72,True,per_turn
Gemini,7,U4,SEN,0.09477059826179812,0.4284388766781957,0.7386877184106823,72,False,per_turn
Gemini,7,U4,AUR,-0.013877516341110367,0.9078908666481135,1.0,72,False,per_turn
Gemini,7,U4,TD,0.12107000099579777,0.3110286131339081,0.5981319483344387,72,False,per_turn
Gemini,7,U4,FIX,0.22484004601012525,0.05758664173706268,0.1799582554283209,72,False,per_turn
Gemini,7,U4,RT,0.16562027807069768,0.16441892768286648,0.39147363734015833,72,False,per_turn
Gemini,7,U4,TN,0.13382992102364116,0.2623897659981046,0.5466453458293846,72,False,per_turn
Gemini,7,U4,QOC,-0.1949622735761561,0.10076692874545683,0.26517612827751796,72,False,per_turn
Gemini,7,U4,LM,-0.037660487289912836,0.7534614101208874,1.0,72,False,per_turn
Gemini,7,U4,ME,,,1.0,72,False,per_turn
Gemini,7,U4,EMP,-0.01465564426672024,0.9027506356285293,1.0,72,False,per_turn
Gemini,7,U5,SEN,0.28587929040679116,0.0149185459489254,0.062160608120522494,72,False,per_turn
Gemini,7,U5,AUR,0.2561807295060733,0.02984739648566106,0.11479767879100408,72,False,per_turn
Gemini,7,U5,TD,-0.02578003291661876,0.8298000096036107,1.0,72,False,per_turn
Gemini,7,U5,FIX,-0.09587986774225195,0.42302904293021226,0.7386877184106823,72,False,per_turn
Gemini,7,U5,RT,-0.07140128360519205,0.551163171597594,0.8382893510686495,72,False,per_turn
Gemini,7,U5,TN,0.042479625894219206,0.7231117094036459,1.0,72,False,per_turn
Gemini,7,U5,QOC,-0.07156231457335419,0.5502632494768211,0.8382893510686495,72,False,per_turn
Gemini,7,U5,LM,0.24158903081434677,0.04090761274151373,0.1363587091383791,72,False,per_turn
Gemini,7,U5,ME,,,1.0,72,False,per_turn
Gemini,7,U5,EMP,0.17897050862423908,0.1325270846660078,0.3313177116650195,72,False,per_turn
Gemini,8,U1,SEN,0.38138503569823695,0.0009483886244461188,0.011854857805576486,72,True,per_turn
Gemini,8,U1,AUR,0.3525258235121883,0.002388893569880502,0.01990744641567085,72,True,per_turn
Gemini,8,U1,TD,-0.1672761181248379,0.16018158816146383,0.4215304951617469,72,False,per_turn
Gemini,8,U1,FIX,0.06690814886540444,0.5765544447477176,0.8166035864759398,72,False,per_turn
Gemini,8,U1,RT,0.14890303344650516,0.2119050512473055,0.4951213723875231,72,False,per_turn
Gemini,8,U1,TN,-0.05900553096992278,0.6224752880997187,0.8411828217563767,72,False,per_turn
Gemini,8,U1,QOC,0.1133732758904267,0.3430126084095849,0.5972199344477197,72,False,per_turn
Gemini,8,U1,LM,0.17473582544988356,0.14208957242368295,0.3946932567324526,72,False,per_turn
Gemini,8,U1,ME,-0.11258799375612025,0.34638756197967746,0.5972199344477197,72,False,per_turn
Gemini,8,U1,EMP,0.3346616560390505,0.004061453482092814,0.029010382014948672,72,True,per_turn
Gemini,8,U2,SEN,0.17539077138603534,0.14057765417602072,0.3946932567324526,72,False,per_turn
Gemini,8,U2,AUR,0.15004485370902104,0.2083822649175235,0.4951213723875231,72,False,per_turn
Gemini,8,U2,TD,-0.045963559974285924,0.7014301234554441,0.876787654319305,72,False,per_turn
Gemini,8,U2,FIX,0.0386577243508653,0.7471486589823346,0.9010480212547731,72,False,per_turn
Gemini,8,U2,RT,0.13208794565059412,0.2687082259178351,0.516746588303529,72,False,per_turn
Gemini,8,U2,TN,0.0022039052739454795,0.9853409070023607,0.9853409070023607,72,False,per_turn
Gemini,8,U2,QOC,-0.23890522643362383,0.04327275512627224,0.18030314635946765,72,False,per_turn
Gemini,8,U2,LM,0.22913138253910884,0.052860450324211036,0.19925272352921428,72,False,per_turn
Gemini,8,U2,ME,-0.14544931919848664,0.22281625017186774,0.4951213723875231,72,False,per_turn
Gemini,8,U2,EMP,0.08190781935450513,0.49397654589867557,0.7718383529666806,72,False,per_turn
Gemini,8,U3,SEN,0.8043996665398437,1.7326778948971517e-17,8.663389474485759e-16,72,True,per_turn
Gemini,8,U3,AUR,0.47966014313014244,2.0152430996910903e-05,0.0005038107749227726,72,True,per_turn
Gemini,8,U3,TD,-0.13972287747006204,0.2417632158771485,0.4951213723875231,72,False,per_turn
Gemini,8,U3,FIX,0.31687538170509644,0.006688091931588585,0.04180057457242866,72,True,per_turn
Gemini,8,U3,RT,0.3062685871550984,0.008883820567832178,0.04935455871017877,72,True,per_turn
Gemini,8,U3,TN,0.3627742885688841,0.001737406177182334,0.01737406177182334,72,True,per_turn
Gemini,8,U3,QOC,-0.025941878436796198,0.8287476598985636,0.9208307332206261,72,False,per_turn
Gemini,8,U3,LM,0.2629753034605703,0.025627725393994782,0.11648966088179447,72,False,per_turn
Gemini,8,U3,ME,-0.028783683125170188,0.8103203016037877,0.9208185245497588,72,False,per_turn
Gemini,8,U3,EMP,0.3889222341312986,0.0007345905218074522,0.011854857805576486,72,True,per_turn
Gemini,8,U4,SEN,-0.050964719143762556,0.6707215316494678,0.8598993995505998,72,False,per_turn
Gemini,8,U4,AUR,-0.10041928905068676,0.40130234082492533,0.6688372347082089,72,False,per_turn
Gemini,8,U4,TD,-0.09737735176763751,0.4157883526108985,0.6706263751788686,72,False,per_turn
Gemini,8,U4,FIX,-0.05300174643325065,0.6583627641175478,0.8598993995505998,72,False,per_turn
Gemini,8,U4,RT,-0.037121460007484335,0.7568803378540094,0.9010480212547731,72,False,per_turn
Gemini,8,U4,TN,-0.01838756578209065,0.8781570065015154,0.9342095813845909,72,False,per_turn
Gemini,8,U4,QOC,-0.12053151055354619,0.3132015674461674,0.5800029026780877,72,False,per_turn
Gemini,8,U4,LM,-0.1409814753700483,0.23750673289148533,0.4951213723875231,72,False,per_turn
Gemini,8,U4,ME,-0.020060271357125986,0.8671695718576893,0.9342095813845909,72,False,per_turn
Gemini,8,U4,EMP,0.004673316739165093,0.9689218031469516,0.9853409070023607,72,False,per_turn
Gemini,8,U5,SEN,0.21928367381790523,0.06421074174947793,0.2006585679671185,72,False,per_turn
Gemini,8,U5,AUR,0.22294888111473715,0.05977581705876428,0.19925272352921428,72,False,per_turn
Gemini,8,U5,TD,0.008064566793225323,0.9463957652652926,0.9853409070023607,72,False,per_turn
Gemini,8,U5,FIX,-0.06492082140517288,0.5879545822626766,0.8166035864759398,72,False,per_turn
Gemini,8,U5,RT,-0.031117339400629,0.7952640412773134,0.9208185245497588,72,False,per_turn
Gemini,8,U5,TN,0.07241254660139501,0.5455234964413906,0.8022404359432215,72,False,per_turn
Gemini,8,U5,QOC,-0.13803292394150343,0.24756068619376154,0.4951213723875231,72,False,per_turn
Gemini,8,U5,LM,0.28301632166842516,0.015999910066488703,0.07999955033244352,72,False,per_turn
Gemini,8,U5,ME,-0.07846586770539302,0.512362385224688,0.7763066442798303,72,False,per_turn
Gemini,8,U5,EMP,0.22465758080475945,0.05779497572593369,0.19925272352921428,72,False,per_turn
Gemini,9,U1,SEN,0.4276252273366622,0.0001791999185778536,0.0029866653096308933,72,True,per_turn
Gemini,9,U1,AUR,0.40982527705522426,0.0003502019162118744,0.00437752395264843,72,True,per_turn
Gemini,9,U1,TD,-0.16778549308053256,0.15889447230920592,0.3972361807730148,72,False,per_turn
Gemini,9,U1,FIX,0.24193487522512971,0.04061077940638705,0.15619530540918095,72,False,per_turn
Gemini,9,U1,RT,0.327691106084003,0.004955353014936038,0.02477676507468019,72,True,per_turn
Gemini,9,U1,TN,0.15308812302938432,0.1991964604373291,0.4330357835594111,72,False,per_turn
Gemini,9,U1,QOC,-0.00012199462988071093,0.9991885183137058,1.0,72,False,per_turn
Gemini,9,U1,LM,0.3116548430228623,0.007700647615556518,0.03500294370707508,72,True,per_turn
Gemini,9,U1,ME,,,1.0,72,False,per_turn
Gemini,9,U1,EMP,0.3787647197067102,0.0010350082018438453,0.00862506834869871,72,True,per_turn
Gemini,9,U2,SEN,0.20252283461730483,0.08798637638499081,0.25878345995585533,72,False,per_turn
Gemini,9,U2,AUR,0.04036852269103562,0.7363576595402928,0.8979971457808449,72,False,per_turn
Gemini,9,U2,TD,0.07422623276096846,0.5354795280037092,0.7236209837887962,72,False,per_turn
Gemini,9,U2,FIX,0.011962504296123161,0.920556884094103,1.0,72,False,per_turn
Gemini,9,U2,RT,0.07958143615066583,0.5063653802050767,0.7032852502848288,72,False,per_turn
Gemini,9,U2,TN,0.03103409411200539,0.7957998765609211,0.9253486936754897,72,False,per_turn
Gemini,9,U2,QOC,-0.3380209926323985,0.003684210051655315,0.020467833620307307,72,True,per_turn
Gemini,9,U2,LM,0.1803452486809975,0.12953000412572818,0.340868431909811,72,False,per_turn
Gemini,9,U2,ME,,,1.0,72,False,per_turn
Gemini,9,U2,EMP,0.08603824470374995,0.4723776928123077,0.6913751630686744,72,False,per_turn
Gemini,9,U3,SEN,0.8324444441914698,1.2778757229584526e-19,6.389378614792263e-18,72,True,per_turn
Gemini,9,U3,AUR,0.4704544300960452,3.0450466800463736e-05,0.0007612616700115934,72,True,per_turn
Gemini,9,U3,TD,-0.15382448384761746,0.19701801304703678,0.4330357835594111,72,False,per_turn
Gemini,9,U3,FIX,0.33862655057584784,0.003619625856142987,0.020467833620307307,72,True,per_turn
Gemini,9,U3,RT,0.39281725534456974,0.0006422114600069191,0.006422114600069191,72,True,per_turn
Gemini,9,U3,TN,0.19506708889459862,0.10058035794086859,0.2793898831690794,72,False,per_turn
Gemini,9,U3,QOC,0.03156698040268617,0.7923714204021598,0.9253486936754897,72,False,per_turn
Gemini,9,U3,LM,0.14912922309427368,0.21120387971883434,0.4400080827475716,72,False,per_turn
Gemini,9,U3,ME,,,1.0,72,False,per_turn
Gemini,9,U3,EMP,0.3652328381000331,0.0016071251237377944,0.011479465169555673,72,True,per_turn
Gemini,9,U4,SEN,-0.056961797141151044,0.6345988399923435,0.8154285241027471,72,False,per_turn
Gemini,9,U4,AUR,-0.10639680480218555,0.37371565587096844,0.6868706832514918,72,False,per_turn
Gemini,9,U4,TD,-0.09773929605781034,0.41404907344072717,0.6913751630686744,72,False,per_turn
Gemini,9,U4,FIX,0.08965066291764373,0.45391299518646,0.6913751630686744,72,False,per_turn
Gemini,9,U4,RT,-0.10399753736747236,0.3846475826208354,0.6868706832514918,72,False,per_turn
Gemini,9,U4,TN,0.08884049209866171,0.4580191516680121,0.6913751630686744,72,False,per_turn
Gemini,9,U4,QOC,-0.1276386305080227,0.2853075262438393,0.548668319699691,72,False,per_turn
Gemini,9,U4,LM,-0.05336829436153785,0.6561484373781636,0.8201855467227045,72,False,per_turn
Gemini,9,U4,ME,,,1.0,72,False,per_turn
Gemini,9,U4,EMP,-0.15720673907332552,0.18723107848679205,0.4330357835594111,72,False,per_turn
Gemini,9,U5,SEN,0.23550926185983034,0.0464263931784527,0.1658085470659025,72,False,per_turn
Gemini,9,U5,AUR,0.22524453886946869,0.057126980014226864,0.19042326671408955,72,False,per_turn
Gemini,9,U5,TD,-0.08381063579688393,0.48396261414807207,0.6913751630686744,72,False,per_turn
Gemini,9,U5,FIX,0.08725996206656855,0.46608805833726863,0.6913751630686744,72,False,per_turn
Gemini,9,U5,RT,0.09652135395953246,0.41991850110414086,0.6913751630686744,72,False,per_turn
Gemini,9,U5,TN,0.05672090484796332,0.6360342488001427,0.8154285241027471,72,False,per_turn
Gemini,9,U5,QOC,-0.1374279980016298,0.24965886762649936,0.4993177352529987,72,False,per_turn
Gemini,9,U5,LM,0.24700204839938014,0.03646265347350216,0.151927722806259,72,False,per_turn
Gemini,9,U5,ME,,,1.0,72,False,per_turn
Gemini,9,U5,EMP,0.21991763877084852,0.06342518226489778,0.19820369457780557,72,False,per_turn
Gemini,10,U1,SEN,0.4176465377383752,0.00029030559510742697,0.004838426585123783,71,True,per_turn
Gemini,10,U1,AUR,0.33729521821968356,0.00402162753847234,0.03642056171300947,71,True,per_turn
Gemini,10,U1,TD,-0.048233872746227625,0.6895657731286688,0.8109014723808174,71,False,per_turn
Gemini,10,U1,FIX,0.33754140747865957,0.003993278711715947,0.03642056171300947,71,True,per_turn
Gemini,10,U1,RT,0.26798581031140234,0.023851769815770998,0.09173757621450383,71,False,per_turn
Gemini,10,U1,TN,0.1898408791421072,0.11280933913072477,0.23501945652234327,71,False,per_turn
Gemini,10,U1,QOC,0.059089955864565565,0.6244940154492941,0.7806175193116176,71,False,per_turn
Gemini,10,U1,LM,0.20548728341979708,0.08559049642623144,0.22411000619174043,71,False,per_turn
Gemini,10,U1,ME,,,1.0,71,False,per_turn
Gemini,10,U1,EMP,0.3289200475962955,0.0050988786398213255,0.03642056171300947,71,True,per_turn
Gemini,10,U2,SEN,0.18647455082689282,0.11945518561284954,0.23891037122569908,71,False,per_turn
Gemini,10,U2,AUR,0.22096510705357397,0.06405480040216635,0.17793000111712876,71,False,per_turn
Gemini,10,U2,TD,0.2029302104521645,0.08964400247669618,0.22411000619174043,71,False,per_turn
Gemini,10,U2,FIX,0.15088897292059986,0.20909741343149338,0.34849568905248896,71,False,per_turn
Gemini,10,U2,RT,0.23179913085292272,0.05176458016982758,0.15224876520537522,71,False,per_turn
Gemini,10,U2,TN,0.145015608003843,0.22757678735305198,0.3555887302391437,71,False,per_turn
Gemini,10,U2,QOC,0.055206146079580166,0.6474788694196709,0.7896083773410622,71,False,per_turn
Gemini,10,U2,LM,0.2885020417593141,0.014689867824712153,0.08075341624016481,71,False,per_turn
Gemini,10,U2,ME,,,1.0,71,False,per_turn
Gemini,10,U2,EMP,0.20008229675736716,0.09433487883585147,0.22460685437107494,71,False,per_turn
Gemini,10,U3,SEN,0.8179487179487178,3.1440522632381163e-18,1.5720261316190582e-16,71,True,per_turn
Gemini,10,U3,AUR,0.45754234320957543,6.030862218011894e-05,0.0015077155545029735,71,True,per_turn
Gemini,10,U3,TD,0.14568616475667062,0.2254112713876104,0.3555887302391437,71,False,per_turn
Gemini,10,U3,FIX,0.29766980301364054,0.011698133884712532,0.07311333677945332,71,False,per_turn
Gemini,10,U3,RT,0.24155697027457398,0.04241479755881138,0.13254624237128557,71,False,per_turn
Gemini,10,U3,TN,0.270949259145749,0.022285440692897465,0.09173757621450383,71,False,per_turn
Gemini,10,U3,QOC,-0.03901089332112079,0.7466952524364725,0.8485173323141734,71,False,per_turn
Gemini,10,U3,LM,0.1763266548997678,0.14130872903630476,0.2616828315487125,71,False,per_turn
Gemini,10,U3,ME,,,1.0,71,False,per_turn
Gemini,10,U3,EMP,0.3326774256813397,0.004587519265912661,0.03642056171300947,71,True,per_turn
Gemini,10,U4,SEN,0.2543197950550036,0.03233660426124116,0.11548787236157557,71,False,per_turn
Gemini,10,U4,AUR,-0.10184172626344723,0.3980538229112446,0.5379105715016819,71,False,per_turn
Gemini,10,U4,TD,0.1588622058049333,0.18574973823156032,0.32025816936475915,71,False,per_turn
Gemini,10,U4,FIX,0.004428422991695218,0.9707621704278262,1.0,71,False,per_turn
Gemini,10,U4,RT,0.19491872931247345,0.10332844398339881,0.23376170427519327,71,False,per_turn
Gemini,10,U4,TN,-0.046957935386926886,0.697375266247503,0.8109014723808174,71,False,per_turn
Gemini,10,U4,QOC,0.08197636724136903,0.49673899962529533,0.6368448713144812,71,False,per_turn
Gemini,10,U4,LM,-0.12844962078858502,0.285721666161358,0.40817380880194004,71,False,per_turn
Gemini,10,U4,ME,,,1.0,71,False,per_turn
Gemini,10,U4,EMP,-0.1368660520444179,0.2550581866359618,0.38645179793327544,71,False,per_turn
Gemini,10,U5,SEN,0.2846004083589312,0.01615068324803296,0.08075341624016481,71,False,per_turn
Gemini,10,U5,AUR,0.2739573416495795,0.020785852014893372,0.09173757621450383,71,False,per_turn
Gemini,10,U5,TD,0.18312402849109136,0.12636369974766248,0.24300711489935092,71,False,per_turn
Gemini,10,U5,FIX,0.12220986482003673,0.3099665304860624,0.4305090701195311,71,False,per_turn
Gemini,10,U5,RT,0.13349961692998524,0.2670430537572622,0.39271037317244445,71,False,per_turn
Gemini,10,U5,TN,0.1926255190211457,0.10753038396658891,0.23376170427519327,71,False,per_turn
Gemini,10,U5,QOC,0.09554418844575524,0.4280136587274129,0.5631758667465959,71,False,per_turn
Gemini,10,U5,LM,0.24450909776318974,0.03987845827712571,0.13254624237128557,71,False,per_turn
Gemini,10,U5,ME,,,1.0,71,False,per_turn
Gemini,10,U5,EMP,0.16969019566672364,0.157145154324298,0.28061634700767496,71,False,per_turn
